{
  "type": "FeatureCollection",
  "features": [
    {
      "type": "Feature",
      "id": "relation/123924",
      "properties": {
        "TMC:cid_58:tabcd_1:Class": "Area",
        "TMC:cid_58:tabcd_1:LCLversion": "9.00",
        "TMC:cid_58:tabcd_1:LocationCode": "6041",
        "destination": "North Sea",
        "distance": "1233",
        "name": "Rhein",
        "name:am": "ራይን ወንዝ",
        "name:ar": "نهر الراين",
        "name:bn": "রাইন নদী",
        "name:br": "Ar Roen",
        "name:cs": "Rýn",
        "name:da": "Rhinen",
        "name:de": "Rhein",
        "name:el": "Ρήνος",
        "name:en": "Rhine",
        "name:es": "Rin",
        "name:fr": "Rhin",
        "name:hi": "रैन्",
        "name:hy": "Հռենոս",
        "name:is": "Rín",
        "name:it": "Reno",
        "name:ja": "ライン川",
        "name:kn": "ರೈನ್",
        "name:ku": "Reyn",
        "name:la": "Rhenus",
        "name:lb": "Rhäin",
        "name:li": "Rien",
        "name:lt": "Reinas",
        "name:nl": "Rijn",
        "name:pfl": "Rhoi",
        "name:pl": "Ren",
        "name:pt": "Reno",
        "name:rm": "Rein",
        "name:ro": "Rin",
        "name:ru": "Рейн",
        "name:sk": "Rýn",
        "name:tr": "Nehri",
        "name:uk": "Рейн",
        "name:vls": "Reyn",
        "name:wa": "Rén",
        "name:xmf": "რაინი",
        "name:zh": "莱茵河",
        "note": "Don't map tributaries! If you need them, get them by looking at the data (connected waterways). see here http://www.h-renrew.de/h/osm/osmchecks/07_watershed/index.html",
        "order:classic": "1",
        "ref:fgkz": "2",
        "ref:gwlnr": "CH0000010000",
        "ref:sandre": "A---0000",
        "short_name:ar": "راين",
        "source:name:br": "ofis publik ar brezhoneg",
        "type": "waterway",
        "waterway": "river",
        "wikidata": "Q584",
        "wikipedia": "de:Rhein",
        "id": "relation/123924"
      },
      "geometry": {
        "type": "MultiLineString",
        "coordinates": [
          [
            [
              9.4337245,
              46.8341051
            ],
            [
              9.4349823,
              46.8342375
            ],
            [
              9.4353951,
              46.8343356
            ],
            [
              9.4393617,
              46.8364554
            ],
            [
              9.4398994,
              46.8366527
            ],
            [
              9.4403459,
              46.8367811
            ],
            [
              9.4407908,
              46.8368826
            ],
            [
              9.441261,
              46.8369672
            ],
            [
              9.4417608,
              46.8370328
            ],
            [
              9.4422272,
              46.8370769
            ],
            [
              9.442625,
              46.837098
            ],
            [
              9.4448032,
              46.8371045
            ],
            [
              9.4451884,
              46.8371374
            ],
            [
              9.445548,
              46.837193
            ],
            [
              9.4458749,
              46.8372696
            ],
            [
              9.4465144,
              46.8374473
            ],
            [
              9.4468998,
              46.8375727
            ],
            [
              9.447218,
              46.8376697
            ],
            [
              9.4475055,
              46.8377463
            ],
            [
              9.4484728,
              46.8382175
            ]
          ],
          [
            [
              7.791034,
              47.5558507
            ],
            [
              7.7904224,
              47.555228
            ],
            [
              7.7897519,
              47.5541274
            ],
            [
              7.7891672,
              47.5536531
            ],
            [
              7.7876651,
              47.5534757
            ],
            [
              7.7848994,
              47.55379
            ]
          ],
          [
            [
              7.9514674,
              47.5508988
            ],
            [
              7.9507112,
              47.5503548
            ],
            [
              7.950207,
              47.5495872
            ],
            [
              7.9499173,
              47.5487689
            ],
            [
              7.9499296,
              47.5469933
            ]
          ],
          [
            [
              8.2421654,
              47.6124125
            ],
            [
              8.2409853,
              47.6117109
            ],
            [
              8.2386303,
              47.6115374
            ],
            [
              8.2373536,
              47.6112914
            ],
            [
              8.235839,
              47.6109171
            ]
          ],
          [
            [
              8.6041399,
              47.6414609
            ],
            [
              8.6043918,
              47.6421759
            ],
            [
              8.6047673,
              47.642465
            ],
            [
              8.6074924,
              47.6429349
            ],
            [
              8.6088335,
              47.6430794
            ],
            [
              8.6096838,
              47.6431021
            ],
            [
              8.6107969,
              47.6430794
            ],
            [
              8.6125954,
              47.6428971
            ]
          ],
          [
            [
              7.9066916,
              48.6757391
            ],
            [
              7.9087829,
              48.6799108
            ],
            [
              7.9136968,
              48.6845788
            ],
            [
              7.9140508,
              48.6848019
            ],
            [
              7.9143606,
              48.685064
            ],
            [
              7.9144897,
              48.6851708
            ],
            [
              7.9147777,
              48.6854093
            ],
            [
              7.9153275,
              48.6858892
            ],
            [
              7.9208207,
              48.6903371
            ],
            [
              7.9216629,
              48.6911835
            ],
            [
              7.9236112,
              48.6951196
            ]
          ],
          [
            [
              7.907055,
              48.6820861
            ],
            [
              7.9082048,
              48.683254
            ],
            [
              7.9094673,
              48.6842541
            ],
            [
              7.9118662,
              48.6861853
            ],
            [
              7.9125631,
              48.6867411
            ],
            [
              7.9133601,
              48.6870733
            ],
            [
              7.9129388,
              48.6865087
            ],
            [
              7.9122837,
              48.6859586
            ],
            [
              7.9098954,
              48.6840289
            ],
            [
              7.9086427,
              48.6830329
            ],
            [
              7.907055,
              48.6820861
            ],
            [
              7.9047071,
              48.6800563
            ],
            [
              7.9031066,
              48.6782988
            ],
            [
              7.9017148,
              48.6755574
            ],
            [
              7.9007379,
              48.6729929
            ],
            [
              7.8982917,
              48.6689422
            ],
            [
              7.8957138,
              48.6668586
            ],
            [
              7.8950376,
              48.6663372
            ],
            [
              7.8938598,
              48.6653616
            ],
            [
              7.8929864,
              48.6647127
            ],
            [
              7.8922965,
              48.6641796
            ],
            [
              7.8903447,
              48.6628567
            ],
            [
              7.8888491,
              48.6619877
            ],
            [
              7.8882894,
              48.661657
            ],
            [
              7.8856983,
              48.6603501
            ],
            [
              7.8839267,
              48.6595857
            ],
            [
              7.8834097,
              48.6593521
            ],
            [
              7.8756259,
              48.6561991
            ],
            [
              7.8729789,
              48.6551547
            ],
            [
              7.8696862,
              48.6538009
            ],
            [
              7.8663687,
              48.6524992
            ],
            [
              7.8640294,
              48.6515693
            ],
            [
              7.8626231,
              48.6510018
            ],
            [
              7.8600078,
              48.6500504
            ],
            [
              7.8581947,
              48.6494562
            ],
            [
              7.8566975,
              48.6489969
            ],
            [
              7.8556341,
              48.6486912
            ],
            [
              7.8529395,
              48.6480212
            ],
            [
              7.8499162,
              48.6473973
            ],
            [
              7.8490203,
              48.647208
            ],
            [
              7.8478259,
              48.6468614
            ],
            [
              7.8466531,
              48.6464733
            ],
            [
              7.8453164,
              48.6458777
            ],
            [
              7.844278,
              48.645338
            ],
            [
              7.8429273,
              48.6444538
            ],
            [
              7.8417394,
              48.6435419
            ],
            [
              7.8404639,
              48.6422894
            ],
            [
              7.8393911,
              48.6409714
            ],
            [
              7.8386235,
              48.6398274
            ],
            [
              7.8379075,
              48.6384692
            ],
            [
              7.8376238,
              48.6377956
            ],
            [
              7.836677,
              48.6351665
            ],
            [
              7.8362401,
              48.6339808
            ],
            [
              7.8360646,
              48.6335044
            ],
            [
              7.8334565,
              48.62599
            ],
            [
              7.8330273,
              48.6248842
            ],
            [
              7.8320194,
              48.6227362
            ],
            [
              7.8311555,
              48.6211767
            ],
            [
              7.8300226,
              48.619402
            ],
            [
              7.8289053,
              48.6179986
            ],
            [
              7.8280354,
              48.6169687
            ],
            [
              7.8250289,
              48.613707
            ],
            [
              7.8233805,
              48.6118429
            ],
            [
              7.822807,
              48.6111943
            ],
            [
              7.8139123,
              48.6021691
            ],
            [
              7.8049947,
              48.5927978
            ],
            [
              7.8044453,
              48.5921658
            ],
            [
              7.8039396,
              48.5915254
            ],
            [
              7.8030887,
              48.5903076
            ],
            [
              7.8025705,
              48.5894651
            ],
            [
              7.8024762,
              48.5892967
            ],
            [
              7.8020755,
              48.5885814
            ],
            [
              7.8018699,
              48.5881671
            ],
            [
              7.8015938,
              48.5875604
            ],
            [
              7.8013392,
              48.586943
            ],
            [
              7.8010742,
              48.5861998
            ],
            [
              7.8009193,
              48.5857332
            ],
            [
              7.800773,
              48.5852299
            ],
            [
              7.8006485,
              48.5847657
            ],
            [
              7.8004899,
              48.5841073
            ],
            [
              7.800339,
              48.5831695
            ],
            [
              7.8002387,
              48.5821571
            ],
            [
              7.8002058,
              48.5814552
            ],
            [
              7.8002029,
              48.5804127
            ],
            [
              7.800259,
              48.5795575
            ],
            [
              7.8003324,
              48.578932
            ],
            [
              7.8003913,
              48.5784807
            ],
            [
              7.8004874,
              48.5779067
            ],
            [
              7.8008553,
              48.5763
            ],
            [
              7.8011009,
              48.5755689
            ],
            [
              7.8018056,
              48.5737629
            ],
            [
              7.8018333,
              48.5736943
            ],
            [
              7.8018595,
              48.5736249
            ],
            [
              7.8022528,
              48.5726168
            ],
            [
              7.8029198,
              48.5708573
            ],
            [
              7.8039985,
              48.5675427
            ],
            [
              7.8045371,
              48.5654681
            ],
            [
              7.8051403,
              48.5625029
            ],
            [
              7.8054939,
              48.559775
            ],
            [
              7.8055948,
              48.5573333
            ],
            [
              7.8056498,
              48.5564634
            ],
            [
              7.8058618,
              48.5547975
            ],
            [
              7.8058563,
              48.5539318
            ],
            [
              7.8058537,
              48.5520812
            ],
            [
              7.8057053,
              48.5499107
            ],
            [
              7.805358,
              48.5474748
            ],
            [
              7.8050846,
              48.5461257
            ],
            [
              7.804709,
              48.5448517
            ],
            [
              7.8043498,
              48.5436971
            ],
            [
              7.8040877,
              48.5427242
            ],
            [
              7.8038375,
              48.5415032
            ],
            [
              7.8029537,
              48.5381192
            ],
            [
              7.8032541,
              48.534141
            ],
            [
              7.8055372,
              48.5282502
            ],
            [
              7.8060358,
              48.526565
            ],
            [
              7.8064497,
              48.5246719
            ],
            [
              7.8066525,
              48.5232774
            ],
            [
              7.806755,
              48.5217428
            ],
            [
              7.8067181,
              48.5206743
            ],
            [
              7.8066816,
              48.5199057
            ],
            [
              7.8065312,
              48.5186739
            ],
            [
              7.8064543,
              48.5182389
            ],
            [
              7.8063435,
              48.5176124
            ],
            [
              7.8061463,
              48.5166893
            ],
            [
              7.8056264,
              48.5149277
            ],
            [
              7.8050992,
              48.5135204
            ],
            [
              7.8047299,
              48.5125879
            ],
            [
              7.8042605,
              48.5117887
            ],
            [
              7.8034582,
              48.5105789
            ],
            [
              7.8015915,
              48.507986
            ],
            [
              7.8003613,
              48.5064389
            ],
            [
              7.7991607,
              48.5051641
            ],
            [
              7.7977847,
              48.5039014
            ],
            [
              7.7971138,
              48.5033547
            ],
            [
              7.7969258,
              48.5032015
            ],
            [
              7.7957512,
              48.5027805
            ],
            [
              7.7899297,
              48.501481
            ],
            [
              7.7850131,
              48.5002227
            ],
            [
              7.7815093,
              48.4990438
            ],
            [
              7.7760506,
              48.4964733
            ],
            [
              7.7689425,
              48.4906637
            ],
            [
              7.7674683,
              48.4882422
            ],
            [
              7.7670735,
              48.4859646
            ],
            [
              7.7670997,
              48.4827826
            ],
            [
              7.7670997,
              48.4754331
            ],
            [
              7.7668547,
              48.4675937
            ],
            [
              7.7668547,
              48.4651439
            ],
            [
              7.7662037,
              48.4606931
            ],
            [
              7.7658597,
              48.4589447
            ],
            [
              7.7654903,
              48.4577118
            ],
            [
              7.7643015,
              48.4541582
            ],
            [
              7.7631799,
              48.4511798
            ],
            [
              7.7610026,
              48.4468444
            ],
            [
              7.7523241,
              48.4324797
            ],
            [
              7.7516023,
              48.4312297
            ],
            [
              7.7468318,
              48.4229671
            ],
            [
              7.7463621,
              48.4221535
            ],
            [
              7.7437276,
              48.4178147
            ],
            [
              7.7417814,
              48.4145273
            ],
            [
              7.7381942,
              48.4084674
            ],
            [
              7.7368682,
              48.4061545
            ],
            [
              7.7356716,
              48.4040672
            ],
            [
              7.7341396,
              48.4002914
            ],
            [
              7.7331726,
              48.3974233
            ],
            [
              7.7326773,
              48.3956703
            ],
            [
              7.7315025,
              48.3907699
            ],
            [
              7.7311309,
              48.3878471
            ],
            [
              7.7310253,
              48.3847721
            ],
            [
              7.731128,
              48.3819599
            ],
            [
              7.7315412,
              48.3775464
            ],
            [
              7.731477,
              48.3748868
            ],
            [
              7.731116,
              48.3717293
            ],
            [
              7.7310558,
              48.3689914
            ],
            [
              7.7315091,
              48.366248
            ],
            [
              7.7315147,
              48.3662065
            ],
            [
              7.7328307,
              48.3633551
            ],
            [
              7.7367865,
              48.3581192
            ],
            [
              7.738294,
              48.3555553
            ],
            [
              7.7402037,
              48.3500301
            ],
            [
              7.7436659,
              48.3397848
            ],
            [
              7.7457687,
              48.3331085
            ],
            [
              7.7458841,
              48.3304017
            ],
            [
              7.7449244,
              48.3276222
            ],
            [
              7.7428934,
              48.3244068
            ],
            [
              7.7397638,
              48.3211733
            ],
            [
              7.7334949,
              48.3175362
            ],
            [
              7.7195507,
              48.3141457
            ],
            [
              7.7114418,
              48.3117913
            ],
            [
              7.7052767,
              48.3100011
            ],
            [
              7.7023558,
              48.3082022
            ],
            [
              7.6989642,
              48.3062496
            ],
            [
              7.6936832,
              48.3017438
            ],
            [
              7.6909485,
              48.2977242
            ],
            [
              7.6899185,
              48.2920139
            ],
            [
              7.6891997,
              48.2845753
            ],
            [
              7.6888525,
              48.2802513
            ],
            [
              7.6887112,
              48.2785903
            ],
            [
              7.6886591,
              48.2784178
            ],
            [
              7.6876869,
              48.2743079
            ],
            [
              7.6795949,
              48.2532241
            ],
            [
              7.6795212,
              48.2530515
            ],
            [
              7.6793295,
              48.2525908
            ],
            [
              7.6781388,
              48.2488276
            ],
            [
              7.6761856,
              48.2435649
            ],
            [
              7.6722255,
              48.2347651
            ],
            [
              7.6721509,
              48.2345953
            ],
            [
              7.6684608,
              48.2243555
            ],
            [
              7.6673047,
              48.2227579
            ],
            [
              7.6660379,
              48.2217966
            ],
            [
              7.662786,
              48.220002
            ],
            [
              7.6587,
              48.218115
            ],
            [
              7.6583835,
              48.2179688
            ],
            [
              7.6569653,
              48.2173139
            ],
            [
              7.6498919,
              48.21243
            ],
            [
              7.6456299,
              48.2083421
            ],
            [
              7.6429745,
              48.2053915
            ],
            [
              7.6327553,
              48.1874027
            ],
            [
              7.629837,
              48.183397
            ],
            [
              7.6237695,
              48.1777295
            ],
            [
              7.6167126,
              48.1715933
            ],
            [
              7.610825,
              48.1674567
            ],
            [
              7.6078718,
              48.164873
            ],
            [
              7.6054138,
              48.1621601
            ],
            [
              7.6013412,
              48.1584397
            ],
            [
              7.5999577,
              48.1560323
            ],
            [
              7.5991753,
              48.1533936
            ],
            [
              7.5996246,
              48.1493926
            ],
            [
              7.599892,
              48.1480671
            ],
            [
              7.6000341,
              48.1473937
            ],
            [
              7.6006657,
              48.1442321
            ],
            [
              7.6010411,
              48.142462
            ],
            [
              7.6011696,
              48.141833
            ],
            [
              7.6006546,
              48.1389692
            ],
            [
              7.5999726,
              48.1369531
            ],
            [
              7.5982729,
              48.1341552
            ],
            [
              7.5968478,
              48.1326705
            ],
            [
              7.5932943,
              48.130554
            ],
            [
              7.5918974,
              48.1298741
            ],
            [
              7.5832084,
              48.126543
            ],
            [
              7.5801981,
              48.1243557
            ],
            [
              7.5783107,
              48.1223371
            ],
            [
              7.5777494,
              48.1196397
            ],
            [
              7.5777628,
              48.1153656
            ],
            [
              7.5796996,
              48.1100155
            ],
            [
              7.5796682,
              48.106481
            ],
            [
              7.5796055,
              48.1037222
            ],
            [
              7.5789536,
              48.1004553
            ],
            [
              7.5771169,
              48.0958892
            ],
            [
              7.575077,
              48.0928477
            ],
            [
              7.5720477,
              48.0890307
            ],
            [
              7.5706139,
              48.0855592
            ],
            [
              7.5695839,
              48.0808574
            ],
            [
              7.5695839,
              48.0776462
            ],
            [
              7.5727785,
              48.0628031
            ],
            [
              7.5735081,
              48.0593957
            ],
            [
              7.5738386,
              48.0556223
            ],
            [
              7.5735435,
              48.0502794
            ],
            [
              7.572594,
              48.046433
            ],
            [
              7.5681978,
              48.0357272
            ],
            [
              7.5698409,
              48.0320912
            ],
            [
              7.5719053,
              48.0303247
            ],
            [
              7.5786758,
              48.0249061
            ],
            [
              7.5788889,
              48.0247377
            ],
            [
              7.5809138,
              48.0232044
            ],
            [
              7.5821196,
              48.0222344
            ],
            [
              7.5832454,
              48.0213287
            ],
            [
              7.5833493,
              48.021245
            ],
            [
              7.5834258,
              48.0211846
            ],
            [
              7.5844381,
              48.0203841
            ],
            [
              7.5845142,
              48.0203239
            ],
            [
              7.5858737,
              48.0192489
            ],
            [
              7.5981478,
              48.0095196
            ],
            [
              7.6038044,
              48.005078
            ],
            [
              7.6091223,
              47.9995707
            ],
            [
              7.6137627,
              47.9941082
            ],
            [
              7.617658,
              47.9882597
            ],
            [
              7.6219259,
              47.9766968
            ],
            [
              7.6217226,
              47.971708
            ],
            [
              7.6198258,
              47.9671951
            ],
            [
              7.6130176,
              47.9586897
            ],
            [
              7.6090545,
              47.9539034
            ],
            [
              7.6033302,
              47.9486629
            ],
            [
              7.5984182,
              47.9450461
            ],
            [
              7.5934396,
              47.9416748
            ],
            [
              7.5919883,
              47.9404788
            ],
            [
              7.5896121,
              47.9385207
            ],
            [
              7.5860894,
              47.9351395
            ],
            [
              7.5831426,
              47.9312589
            ],
            [
              7.5801618,
              47.924518
            ],
            [
              7.581449,
              47.9168002
            ],
            [
              7.5817199,
              47.9129408
            ],
            [
              7.5816183,
              47.9103072
            ],
            [
              7.5832809,
              47.9032636
            ],
            [
              7.5828148,
              47.8999078
            ],
            [
              7.5806615,
              47.8955545
            ],
            [
              7.5777889,
              47.8924876
            ],
            [
              7.5745372,
              47.8900746
            ],
            [
              7.5718275,
              47.8888535
            ],
            [
              7.5663213,
              47.8872109
            ],
            [
              7.5628311,
              47.8852192
            ],
            [
              7.5597962,
              47.8829222
            ],
            [
              7.5582268,
              47.8812123
            ],
            [
              7.5581437,
              47.8811314
            ],
            [
              7.557455,
              47.8803634
            ],
            [
              7.5563277,
              47.8779063
            ],
            [
              7.5552221,
              47.8727008
            ],
            [
              7.5553956,
              47.8679165
            ],
            [
              7.5567829,
              47.8635827
            ],
            [
              7.5590375,
              47.8605866
            ],
            [
              7.5615738,
              47.8572994
            ],
            [
              7.5633297,
              47.8532265
            ],
            [
              7.56385,
              47.8488914
            ],
            [
              7.5626794,
              47.8410932
            ],
            [
              7.5617273,
              47.8386498
            ],
            [
              7.5607283,
              47.8367135
            ],
            [
              7.5570404,
              47.8318977
            ],
            [
              7.5534445,
              47.8285496
            ],
            [
              7.5518837,
              47.8267158
            ],
            [
              7.5495642,
              47.8230044
            ],
            [
              7.5484541,
              47.8212291
            ],
            [
              7.5472538,
              47.8185285
            ],
            [
              7.5471769,
              47.8178952
            ],
            [
              7.54677,
              47.8145447
            ],
            [
              7.5450168,
              47.8100267
            ],
            [
              7.5431041,
              47.8063652
            ],
            [
              7.5413482,
              47.804123
            ],
            [
              7.5376629,
              47.7981965
            ],
            [
              7.5363406,
              47.795284
            ],
            [
              7.5354084,
              47.7930413
            ],
            [
              7.5336308,
              47.7903616
            ],
            [
              7.5324012,
              47.7879415
            ],
            [
              7.5302491,
              47.7837053
            ],
            [
              7.5294915,
              47.7821993
            ],
            [
              7.5294031,
              47.7810134
            ],
            [
              7.5291975,
              47.7795601
            ],
            [
              7.5294157,
              47.7784717
            ],
            [
              7.5297071,
              47.7771501
            ],
            [
              7.5315426,
              47.7708588
            ],
            [
              7.5334847,
              47.7656173
            ],
            [
              7.535821,
              47.7616767
            ],
            [
              7.5373068,
              47.759804
            ],
            [
              7.5389224,
              47.7572176
            ],
            [
              7.5402237,
              47.7545471
            ],
            [
              7.5411531,
              47.751854
            ],
            [
              7.5424353,
              47.7492243
            ],
            [
              7.5428358,
              47.7483488
            ],
            [
              7.5434875,
              47.7474398
            ],
            [
              7.544657,
              47.7460042
            ],
            [
              7.5465184,
              47.7435224
            ],
            [
              7.5474614,
              47.7417525
            ],
            [
              7.548455,
              47.7399799
            ],
            [
              7.5489481,
              47.7382226
            ],
            [
              7.5490439,
              47.7344776
            ],
            [
              7.5481768,
              47.7308033
            ],
            [
              7.546616,
              47.7266476
            ],
            [
              7.543581,
              47.7220103
            ],
            [
              7.5395698,
              47.7180696
            ],
            [
              7.5360371,
              47.7149952
            ],
            [
              7.5316136,
              47.7123203
            ],
            [
              7.5277273,
              47.7102578
            ],
            [
              7.5249269,
              47.7082516
            ],
            [
              7.5220456,
              47.7066374
            ],
            [
              7.5190802,
              47.7057866
            ],
            [
              7.5170463,
              47.7048811
            ],
            [
              7.5150094,
              47.7036319
            ],
            [
              7.5132752,
              47.7025086
            ],
            [
              7.5123981,
              47.7013937
            ],
            [
              7.5117144,
              47.7001306
            ],
            [
              7.51113,
              47.697678
            ],
            [
              7.5111777,
              47.6967977
            ],
            [
              7.5114338,
              47.6957048
            ],
            [
              7.5121789,
              47.6944371
            ],
            [
              7.5138837,
              47.6932676
            ],
            [
              7.517264,
              47.6890997
            ],
            [
              7.5190632,
              47.6859476
            ],
            [
              7.5201471,
              47.6826494
            ],
            [
              7.5195835,
              47.6779644
            ],
            [
              7.5194852,
              47.6720328
            ],
            [
              7.5194101,
              47.6692062
            ],
            [
              7.5200604,
              47.6653083
            ],
            [
              7.5205934,
              47.6631147
            ],
            [
              7.5207016,
              47.6621682
            ],
            [
              7.5213985,
              47.661642
            ],
            [
              7.52231,
              47.6615649
            ],
            [
              7.5233665,
              47.6616211
            ],
            [
              7.523966,
              47.6610332
            ],
            [
              7.5304735,
              47.6556347
            ],
            [
              7.5329173,
              47.6537277
            ],
            [
              7.5332837,
              47.6533678
            ],
            [
              7.5334577,
              47.6530165
            ],
            [
              7.5335392,
              47.6524233
            ],
            [
              7.5336104,
              47.6520135
            ],
            [
              7.5344453,
              47.6512011
            ],
            [
              7.5381456,
              47.6483357
            ],
            [
              7.5392371,
              47.6476444
            ],
            [
              7.5410542,
              47.6464599
            ],
            [
              7.542637,
              47.6460429
            ],
            [
              7.5433481,
              47.6458642
            ],
            [
              7.5451666,
              47.6450479
            ],
            [
              7.5461943,
              47.6445845
            ],
            [
              7.5470848,
              47.6441887
            ],
            [
              7.5533166,
              47.6412145
            ],
            [
              7.5566182,
              47.6396862
            ],
            [
              7.5587815,
              47.6386247
            ],
            [
              7.5606829,
              47.6376393
            ],
            [
              7.561833,
              47.6370432
            ],
            [
              7.5621378,
              47.6368622
            ],
            [
              7.5626466,
              47.636577
            ],
            [
              7.5636008,
              47.6355577
            ],
            [
              7.5650346,
              47.6343737
            ],
            [
              7.5660696,
              47.6335191
            ],
            [
              7.5669602,
              47.632699
            ],
            [
              7.5686653,
              47.6306884
            ],
            [
              7.5699395,
              47.6283475
            ],
            [
              7.5707636,
              47.626048
            ],
            [
              7.5710051,
              47.6254765
            ],
            [
              7.5714398,
              47.6240185
            ],
            [
              7.5722945,
              47.6220529
            ],
            [
              7.5718421,
              47.6209153
            ],
            [
              7.5721219,
              47.6199417
            ],
            [
              7.5724652,
              47.6190827
            ],
            [
              7.5726316,
              47.6186865
            ],
            [
              7.5731366,
              47.6177202
            ],
            [
              7.5738586,
              47.6168365
            ],
            [
              7.5750732,
              47.615571
            ],
            [
              7.5762469,
              47.6144001
            ],
            [
              7.5775249,
              47.6137248
            ],
            [
              7.5794023,
              47.6127181
            ],
            [
              7.5814146,
              47.6116484
            ],
            [
              7.5828371,
              47.6108895
            ],
            [
              7.5857829,
              47.6093095
            ],
            [
              7.5870272,
              47.6085362
            ],
            [
              7.5879797,
              47.6078739
            ],
            [
              7.588934,
              47.6070923
            ],
            [
              7.5896364,
              47.6064782
            ],
            [
              7.5908634,
              47.6051396
            ],
            [
              7.5914646,
              47.6043241
            ],
            [
              7.5917855,
              47.603826
            ],
            [
              7.5921133,
              47.6033165
            ],
            [
              7.5924965,
              47.6025712
            ],
            [
              7.5926524,
              47.6021708
            ],
            [
              7.5927953,
              47.6017414
            ],
            [
              7.5928831,
              47.6013796
            ],
            [
              7.5930425,
              47.6007515
            ],
            [
              7.5931101,
              47.6000142
            ],
            [
              7.59307,
              47.5991302
            ],
            [
              7.5930562,
              47.5985425
            ],
            [
              7.592988,
              47.5978413
            ],
            [
              7.5927841,
              47.5968834
            ],
            [
              7.5923661,
              47.5958115
            ],
            [
              7.5915293,
              47.5942137
            ],
            [
              7.5901358,
              47.5917984
            ],
            [
              7.58981,
              47.5912336
            ],
            [
              7.5890388,
              47.5898969
            ],
            [
              7.5882481,
              47.5885161
            ],
            [
              7.5873169,
              47.5871798
            ],
            [
              7.586964,
              47.5865465
            ],
            [
              7.5857191,
              47.5840853
            ],
            [
              7.5846578,
              47.58087
            ],
            [
              7.5843906,
              47.5785769
            ],
            [
              7.5844813,
              47.5769671
            ],
            [
              7.5846527,
              47.5755281
            ],
            [
              7.584799,
              47.5742778
            ],
            [
              7.5848526,
              47.5698534
            ],
            [
              7.5846822,
              47.567668
            ],
            [
              7.5852788,
              47.565195
            ],
            [
              7.5864721,
              47.5633545
            ],
            [
              7.5880575,
              47.5618414
            ],
            [
              7.5887917,
              47.5611406
            ],
            [
              7.5892314,
              47.5607209
            ],
            [
              7.5897905,
              47.5601804
            ],
            [
              7.5911602,
              47.5588681
            ],
            [
              7.5914179,
              47.5587147
            ],
            [
              7.5940582,
              47.5571425
            ],
            [
              7.5966153,
              47.5563371
            ],
            [
              7.5966992,
              47.5563254
            ],
            [
              7.5990872,
              47.555992
            ],
            [
              7.6002657,
              47.5560398
            ],
            [
              7.6031666,
              47.5561591
            ],
            [
              7.6075783,
              47.5565819
            ],
            [
              7.6126595,
              47.5576245
            ],
            [
              7.6151275,
              47.55828
            ],
            [
              7.6164755,
              47.558638
            ],
            [
              7.6172339,
              47.5588326
            ],
            [
              7.6208226,
              47.5597309
            ],
            [
              7.6228988,
              47.5604085
            ],
            [
              7.6254368,
              47.5610838
            ],
            [
              7.6255972,
              47.5611304
            ],
            [
              7.6277029,
              47.5615576
            ],
            [
              7.6294315,
              47.561629
            ],
            [
              7.6323296,
              47.561514
            ],
            [
              7.6339555,
              47.5611166
            ],
            [
              7.6359409,
              47.5605703
            ],
            [
              7.6369172,
              47.5601718
            ],
            [
              7.6377433,
              47.5597229
            ],
            [
              7.6394583,
              47.5585221
            ],
            [
              7.640673,
              47.5575348
            ],
            [
              7.6414952,
              47.5567536
            ],
            [
              7.64348,
              47.5546235
            ],
            [
              7.645219,
              47.5525106
            ],
            [
              7.6453705,
              47.5523194
            ],
            [
              7.6470667,
              47.5500181
            ],
            [
              7.648513,
              47.5486732
            ],
            [
              7.6492302,
              47.54816
            ],
            [
              7.6500225,
              47.5476835
            ],
            [
              7.6507177,
              47.5472645
            ],
            [
              7.6514955,
              47.5469557
            ],
            [
              7.6523485,
              47.5465968
            ],
            [
              7.6532674,
              47.5464314
            ],
            [
              7.6560945,
              47.5460906
            ],
            [
              7.6579645,
              47.5459157
            ],
            [
              7.6589235,
              47.5457518
            ],
            [
              7.6600427,
              47.545445
            ],
            [
              7.6613634,
              47.5448495
            ],
            [
              7.6622646,
              47.5437342
            ],
            [
              7.6627904,
              47.5426623
            ],
            [
              7.6638418,
              47.5398015
            ],
            [
              7.6655048,
              47.5377373
            ],
            [
              7.6680438,
              47.5357397
            ],
            [
              7.6725028,
              47.5343331
            ],
            [
              7.6770604,
              47.5331683
            ],
            [
              7.6792663,
              47.5327974
            ],
            [
              7.6826193,
              47.5326322
            ],
            [
              7.6891826,
              47.5325746
            ],
            [
              7.6949991,
              47.5324961
            ],
            [
              7.6973422,
              47.5329249
            ],
            [
              7.698046,
              47.5332321
            ],
            [
              7.6989848,
              47.533668
            ],
            [
              7.7011157,
              47.5347039
            ],
            [
              7.7025966,
              47.5353823
            ],
            [
              7.7046798,
              47.5363367
            ],
            [
              7.705889,
              47.5368906
            ],
            [
              7.7075369,
              47.5374685
            ],
            [
              7.7076367,
              47.5375084
            ],
            [
              7.7106227,
              47.5387362
            ],
            [
              7.7123271,
              47.5394007
            ],
            [
              7.714976,
              47.5405136
            ],
            [
              7.7153503,
              47.5406885
            ],
            [
              7.7180779,
              47.5416666
            ],
            [
              7.720877,
              47.5421034
            ],
            [
              7.7237953,
              47.5422077
            ],
            [
              7.725347,
              47.542424
            ],
            [
              7.7257574,
              47.5424521
            ],
            [
              7.7294144,
              47.5427023
            ],
            [
              7.7358071,
              47.5429325
            ],
            [
              7.7383005,
              47.5431478
            ],
            [
              7.7431375,
              47.5435654
            ],
            [
              7.7467175,
              47.5439106
            ],
            [
              7.7502473,
              47.5443371
            ],
            [
              7.7522694,
              47.5448265
            ],
            [
              7.7541576,
              47.5453943
            ],
            [
              7.756106,
              47.5472308
            ],
            [
              7.7577024,
              47.5482157
            ],
            [
              7.7587124,
              47.5484534
            ],
            [
              7.7658105,
              47.5501243
            ],
            [
              7.7686496,
              47.5509756
            ],
            [
              7.7728344,
              47.5522303
            ],
            [
              7.7739159,
              47.5523983
            ],
            [
              7.7809338,
              47.5530636
            ],
            [
              7.7820908,
              47.5531733
            ],
            [
              7.7848994,
              47.55379
            ],
            [
              7.7887839,
              47.5549958
            ],
            [
              7.791034,
              47.5558507
            ],
            [
              7.7944843,
              47.5569734
            ],
            [
              7.7961648,
              47.5578344
            ],
            [
              7.7964958,
              47.5583504
            ],
            [
              7.7976039,
              47.5607087
            ],
            [
              7.7991382,
              47.5625493
            ],
            [
              7.8011814,
              47.5635817
            ],
            [
              7.8030611,
              47.564908
            ],
            [
              7.8054788,
              47.565808
            ],
            [
              7.8074434,
              47.5666104
            ],
            [
              7.8079106,
              47.5670826
            ],
            [
              7.8086489,
              47.568081
            ],
            [
              7.8090109,
              47.5684108
            ],
            [
              7.8097067,
              47.5690648
            ],
            [
              7.8103291,
              47.5695698
            ],
            [
              7.8104116,
              47.5696494
            ],
            [
              7.8105377,
              47.5697964
            ],
            [
              7.8106072,
              47.5698709
            ],
            [
              7.8115179,
              47.5707025
            ],
            [
              7.8119293,
              47.5713171
            ],
            [
              7.8128613,
              47.5734188
            ],
            [
              7.8134208,
              47.5768312
            ],
            [
              7.8136121,
              47.5775591
            ],
            [
              7.8138841,
              47.578594
            ],
            [
              7.8147365,
              47.5807214
            ],
            [
              7.8152479,
              47.5821013
            ],
            [
              7.8170686,
              47.5850121
            ],
            [
              7.8178153,
              47.5858805
            ],
            [
              7.8190856,
              47.5872062
            ],
            [
              7.8213898,
              47.5877229
            ],
            [
              7.8224674,
              47.5879645
            ],
            [
              7.8237137,
              47.587929
            ],
            [
              7.8244535,
              47.587908
            ],
            [
              7.8288006,
              47.5872756
            ],
            [
              7.8318321,
              47.586651
            ],
            [
              7.833335,
              47.586089
            ],
            [
              7.8335353,
              47.586003
            ],
            [
              7.834637,
              47.585236
            ],
            [
              7.8372318,
              47.5830358
            ],
            [
              7.840478,
              47.5821588
            ],
            [
              7.8438023,
              47.5821013
            ],
            [
              7.8489165,
              47.5830787
            ],
            [
              7.8539455,
              47.584746
            ],
            [
              7.8577811,
              47.5867007
            ],
            [
              7.8605272,
              47.5874567
            ],
            [
              7.8619577,
              47.5878505
            ],
            [
              7.8659639,
              47.5885403
            ],
            [
              7.8666405,
              47.5885463
            ],
            [
              7.870366,
              47.5885794
            ],
            [
              7.8716821,
              47.5885911
            ],
            [
              7.8724419,
              47.5885978
            ],
            [
              7.8764949,
              47.5885599
            ],
            [
              7.8825917,
              47.5885028
            ],
            [
              7.884716,
              47.5884829
            ],
            [
              7.8885516,
              47.5880804
            ],
            [
              7.8912792,
              47.5875055
            ],
            [
              7.8936659,
              47.5863558
            ],
            [
              7.8949124,
              47.5856318
            ],
            [
              7.8967344,
              47.5845735
            ],
            [
              7.8999734,
              47.5826187
            ],
            [
              7.9016228,
              47.581389
            ],
            [
              7.9033034,
              47.5798756
            ],
            [
              7.9056843,
              47.5777315
            ],
            [
              7.907389,
              47.5750864
            ],
            [
              7.9101166,
              47.5715786
            ],
            [
              7.9112247,
              47.5685882
            ],
            [
              7.9110542,
              47.5665753
            ],
            [
              7.9072185,
              47.5619741
            ],
            [
              7.9067071,
              47.5599035
            ],
            [
              7.9077299,
              47.5559345
            ],
            [
              7.9096052,
              47.5528856
            ],
            [
              7.9119918,
              47.5503544
            ],
            [
              7.9149751,
              47.5483408
            ],
            [
              7.9180436,
              47.5471901
            ],
            [
              7.9211038,
              47.5468538
            ],
            [
              7.9224633,
              47.5466791
            ],
            [
              7.9252887,
              47.5468449
            ],
            [
              7.9287835,
              47.54696
            ],
            [
              7.9319384,
              47.5469754
            ],
            [
              7.9325401,
              47.5469416
            ],
            [
              7.9335113,
              47.5468006
            ],
            [
              7.9347445,
              47.5464635
            ],
            [
              7.9364866,
              47.5459792
            ],
            [
              7.9372598,
              47.5456788
            ],
            [
              7.939242,
              47.5449519
            ],
            [
              7.9402108,
              47.5446129
            ],
            [
              7.9409153,
              47.5443479
            ],
            [
              7.9417047,
              47.5441889
            ],
            [
              7.942498,
              47.5440507
            ],
            [
              7.9433039,
              47.5439304
            ],
            [
              7.9442648,
              47.543787
            ],
            [
              7.9454643,
              47.5437713
            ],
            [
              7.9461568,
              47.5438792
            ],
            [
              7.946293,
              47.5439163
            ],
            [
              7.946874,
              47.5440747
            ],
            [
              7.9479179,
              47.5447613
            ],
            [
              7.9485561,
              47.545316
            ],
            [
              7.9487008,
              47.5454716
            ],
            [
              7.9491613,
              47.5459669
            ],
            [
              7.9499296,
              47.5469933
            ],
            [
              7.9511994,
              47.5484684
            ],
            [
              7.9514596,
              47.5489672
            ],
            [
              7.9515987,
              47.5494046
            ],
            [
              7.9515971,
              47.5502987
            ],
            [
              7.9514674,
              47.5508988
            ],
            [
              7.9514848,
              47.5511854
            ],
            [
              7.9517067,
              47.5524029
            ],
            [
              7.9521084,
              47.5538636
            ],
            [
              7.9521778,
              47.5540126
            ],
            [
              7.9524248,
              47.554543
            ],
            [
              7.9531345,
              47.5552928
            ],
            [
              7.9533263,
              47.5554955
            ],
            [
              7.9539916,
              47.5560044
            ],
            [
              7.9543023,
              47.5562083
            ],
            [
              7.9553779,
              47.5566286
            ],
            [
              7.9555989,
              47.556715
            ],
            [
              7.9566869,
              47.5571298
            ],
            [
              7.9581797,
              47.5576092
            ],
            [
              7.9594242,
              47.5579277
            ],
            [
              7.9597246,
              47.5579856
            ],
            [
              7.9598248,
              47.5579969
            ],
            [
              7.9599821,
              47.5580146
            ],
            [
              7.9602825,
              47.558058
            ],
            [
              7.9608472,
              47.5580416
            ],
            [
              7.9610791,
              47.5580349
            ],
            [
              7.9617438,
              47.5578992
            ],
            [
              7.962651,
              47.5577139
            ],
            [
              7.9630223,
              47.5576124
            ],
            [
              7.967462,
              47.5563971
            ],
            [
              7.9676506,
              47.556347
            ],
            [
              7.9697001,
              47.555936
            ],
            [
              7.9720226,
              47.5556091
            ],
            [
              7.9743728,
              47.5553743
            ],
            [
              7.9767173,
              47.5552057
            ],
            [
              7.9803641,
              47.5550793
            ],
            [
              7.9824685,
              47.5551668
            ],
            [
              7.985276,
              47.5554003
            ],
            [
              7.9908144,
              47.5560896
            ],
            [
              7.9911147,
              47.5561135
            ],
            [
              7.9946197,
              47.5563925
            ],
            [
              7.9965448,
              47.5564987
            ],
            [
              7.9991381,
              47.5565257
            ],
            [
              8.0006367,
              47.5563939
            ],
            [
              8.0022808,
              47.5560949
            ],
            [
              8.0060958,
              47.5552418
            ],
            [
              8.0075125,
              47.5548627
            ],
            [
              8.0080921,
              47.5546007
            ],
            [
              8.0081827,
              47.5545517
            ],
            [
              8.0087763,
              47.5541372
            ],
            [
              8.0098638,
              47.553415
            ],
            [
              8.0118618,
              47.5523469
            ],
            [
              8.0134661,
              47.5516391
            ],
            [
              8.0149841,
              47.5510953
            ],
            [
              8.0163702,
              47.5508326
            ],
            [
              8.0179271,
              47.5506137
            ],
            [
              8.0203763,
              47.5504308
            ],
            [
              8.0222286,
              47.5504781
            ],
            [
              8.0231604,
              47.5505953
            ],
            [
              8.024291,
              47.5511254
            ],
            [
              8.0248502,
              47.5513303
            ],
            [
              8.0252551,
              47.5514787
            ],
            [
              8.0262713,
              47.5516982
            ],
            [
              8.0293648,
              47.552125
            ],
            [
              8.0336823,
              47.5525524
            ],
            [
              8.0353507,
              47.5527469
            ],
            [
              8.0394068,
              47.553358
            ],
            [
              8.0398034,
              47.5534166
            ],
            [
              8.040923,
              47.5537203
            ],
            [
              8.0420321,
              47.5541314
            ],
            [
              8.0431448,
              47.554498
            ],
            [
              8.0462113,
              47.555311
            ],
            [
              8.0476953,
              47.5559171
            ],
            [
              8.0483001,
              47.5563363
            ],
            [
              8.0484553,
              47.5564438
            ],
            [
              8.0505872,
              47.5578488
            ],
            [
              8.052963,
              47.5589789
            ],
            [
              8.0546755,
              47.5600356
            ],
            [
              8.0571704,
              47.5612366
            ],
            [
              8.0579812,
              47.5618581
            ],
            [
              8.0585523,
              47.5627651
            ],
            [
              8.0591586,
              47.5634787
            ],
            [
              8.0596827,
              47.5636934
            ],
            [
              8.0603812,
              47.5637035
            ],
            [
              8.0610622,
              47.563548
            ],
            [
              8.0615638,
              47.5634319
            ],
            [
              8.0622608,
              47.5632908
            ],
            [
              8.0630466,
              47.5632662
            ],
            [
              8.0636508,
              47.5633746
            ],
            [
              8.0658191,
              47.5642354
            ],
            [
              8.0672096,
              47.5645179
            ],
            [
              8.0676939,
              47.564526
            ],
            [
              8.069387,
              47.5643833
            ],
            [
              8.0708535,
              47.5639313
            ],
            [
              8.0732316,
              47.562808
            ],
            [
              8.0741435,
              47.5622219
            ],
            [
              8.0745389,
              47.5618953
            ],
            [
              8.0757583,
              47.5610076
            ],
            [
              8.0773798,
              47.5600115
            ],
            [
              8.0787567,
              47.559209
            ],
            [
              8.0797771,
              47.5586819
            ],
            [
              8.0809677,
              47.5582162
            ],
            [
              8.0824408,
              47.5578489
            ],
            [
              8.0839679,
              47.5576113
            ],
            [
              8.08506,
              47.5575484
            ],
            [
              8.0870517,
              47.5576006
            ],
            [
              8.089712,
              47.5578085
            ],
            [
              8.0914172,
              47.5582933
            ],
            [
              8.0924299,
              47.5587076
            ],
            [
              8.0957293,
              47.5602478
            ],
            [
              8.0975469,
              47.5613033
            ],
            [
              8.0991458,
              47.5625835
            ],
            [
              8.0997153,
              47.5633876
            ],
            [
              8.100735,
              47.5651398
            ],
            [
              8.101378,
              47.5665838
            ],
            [
              8.1017245,
              47.5681147
            ],
            [
              8.1021783,
              47.5710505
            ],
            [
              8.1022619,
              47.5717207
            ],
            [
              8.1022574,
              47.5742125
            ],
            [
              8.1023773,
              47.5745973
            ],
            [
              8.102799,
              47.5759499
            ],
            [
              8.1051038,
              47.5790746
            ],
            [
              8.1065222,
              47.5803734
            ],
            [
              8.1101637,
              47.5828256
            ],
            [
              8.1127677,
              47.5836217
            ],
            [
              8.1149195,
              47.5838763
            ],
            [
              8.1165723,
              47.5839597
            ],
            [
              8.1171669,
              47.5839897
            ],
            [
              8.1189472,
              47.5839321
            ],
            [
              8.1201782,
              47.583852
            ],
            [
              8.122362,
              47.5835864
            ],
            [
              8.1246354,
              47.5833624
            ],
            [
              8.1270427,
              47.5833622
            ],
            [
              8.1291598,
              47.5834584
            ],
            [
              8.1305474,
              47.5834952
            ],
            [
              8.1328088,
              47.5833655
            ],
            [
              8.1337966,
              47.5833715
            ],
            [
              8.135361,
              47.5836148
            ],
            [
              8.1362664,
              47.5838698
            ],
            [
              8.1371402,
              47.5843932
            ],
            [
              8.1375162,
              47.5847811
            ],
            [
              8.1376778,
              47.5849914
            ],
            [
              8.1381081,
              47.5856486
            ],
            [
              8.1381278,
              47.5857818
            ],
            [
              8.1379992,
              47.586704
            ],
            [
              8.1377282,
              47.5877179
            ],
            [
              8.1375958,
              47.5882345
            ],
            [
              8.1375527,
              47.5886927
            ],
            [
              8.1376074,
              47.5892344
            ],
            [
              8.1377541,
              47.589559
            ],
            [
              8.1378571,
              47.5897675
            ],
            [
              8.138276,
              47.590218
            ],
            [
              8.1385581,
              47.5904772
            ],
            [
              8.139164,
              47.5908305
            ],
            [
              8.1416376,
              47.5919798
            ],
            [
              8.1434594,
              47.5929156
            ],
            [
              8.1461626,
              47.5947221
            ],
            [
              8.1468199,
              47.5950875
            ],
            [
              8.1479488,
              47.5955582
            ],
            [
              8.1486379,
              47.5957482
            ],
            [
              8.1493127,
              47.5958956
            ],
            [
              8.1509382,
              47.5960564
            ],
            [
              8.152844,
              47.5958446
            ],
            [
              8.1545694,
              47.5953021
            ],
            [
              8.1563399,
              47.5947322
            ],
            [
              8.1580391,
              47.59422
            ],
            [
              8.1600464,
              47.5935755
            ],
            [
              8.1622114,
              47.5935847
            ],
            [
              8.1644043,
              47.5940916
            ],
            [
              8.1655413,
              47.5946515
            ],
            [
              8.167077,
              47.5956865
            ],
            [
              8.1680149,
              47.5964779
            ],
            [
              8.1684133,
              47.5968141
            ],
            [
              8.1688178,
              47.5970676
            ],
            [
              8.1696918,
              47.5975538
            ],
            [
              8.1708473,
              47.5984245
            ],
            [
              8.1709766,
              47.5985559
            ],
            [
              8.171771,
              47.5995309
            ],
            [
              8.1731565,
              47.6007592
            ],
            [
              8.1746435,
              47.6017733
            ],
            [
              8.1762697,
              47.602613
            ],
            [
              8.1779015,
              47.6031628
            ],
            [
              8.1828736,
              47.6042995
            ],
            [
              8.1844685,
              47.6050631
            ],
            [
              8.1852403,
              47.6055899
            ],
            [
              8.1870835,
              47.6074835
            ],
            [
              8.1895025,
              47.6110068
            ],
            [
              8.190278,
              47.6120785
            ],
            [
              8.1930617,
              47.6157255
            ],
            [
              8.1943403,
              47.6166957
            ],
            [
              8.1949203,
              47.6171279
            ],
            [
              8.1971774,
              47.6186634
            ],
            [
              8.1991005,
              47.6196554
            ],
            [
              8.1999209,
              47.6199916
            ],
            [
              8.2039374,
              47.6210003
            ],
            [
              8.2077911,
              47.6211503
            ],
            [
              8.2116313,
              47.620639
            ],
            [
              8.2142389,
              47.619904
            ],
            [
              8.2148351,
              47.6197307
            ],
            [
              8.2166569,
              47.6192009
            ],
            [
              8.21898,
              47.6180504
            ],
            [
              8.2207342,
              47.6161329
            ],
            [
              8.2217298,
              47.6144071
            ],
            [
              8.222441,
              47.6126492
            ],
            [
              8.2229625,
              47.6103799
            ],
            [
              8.2232944,
              47.6080786
            ],
            [
              8.2237323,
              47.6064951
            ],
            [
              8.2237723,
              47.6063506
            ],
            [
              8.224901,
              47.6059278
            ],
            [
              8.2268615,
              47.6051935
            ],
            [
              8.2279448,
              47.6052694
            ],
            [
              8.2283264,
              47.6054041
            ],
            [
              8.2291498,
              47.6056949
            ],
            [
              8.2315525,
              47.607122
            ],
            [
              8.2348515,
              47.6098846
            ],
            [
              8.2352103,
              47.6102227
            ],
            [
              8.2355213,
              47.6105667
            ],
            [
              8.235839,
              47.6109171
            ],
            [
              8.2361701,
              47.6112835
            ],
            [
              8.2366725,
              47.6118413
            ],
            [
              8.236979,
              47.6121203
            ],
            [
              8.2374784,
              47.6124311
            ],
            [
              8.2376911,
              47.6125299
            ],
            [
              8.2379272,
              47.6126257
            ],
            [
              8.238381,
              47.6127497
            ],
            [
              8.238708,
              47.6128131
            ],
            [
              8.2388939,
              47.6128279
            ],
            [
              8.2393532,
              47.6128256
            ],
            [
              8.2397653,
              47.6127866
            ],
            [
              8.2421654,
              47.6124125
            ],
            [
              8.2435005,
              47.612447
            ],
            [
              8.2447573,
              47.612544
            ],
            [
              8.2448977,
              47.6125607
            ],
            [
              8.245392,
              47.6126193
            ],
            [
              8.24685,
              47.6129357
            ],
            [
              8.2488789,
              47.6133313
            ],
            [
              8.2496137,
              47.6135413
            ],
            [
              8.249858,
              47.6136099
            ],
            [
              8.2502896,
              47.6137774
            ],
            [
              8.2526281,
              47.6146849
            ],
            [
              8.2542816,
              47.6149731
            ],
            [
              8.2555898,
              47.6151783
            ],
            [
              8.2569138,
              47.6153072
            ],
            [
              8.2580531,
              47.6153173
            ],
            [
              8.2585778,
              47.6153102
            ],
            [
              8.2588294,
              47.6152876
            ],
            [
              8.2591121,
              47.6152449
            ],
            [
              8.2597045,
              47.6150631
            ],
            [
              8.2601389,
              47.6148983
            ],
            [
              8.2604694,
              47.6146856
            ],
            [
              8.260702,
              47.614507
            ],
            [
              8.2612188,
              47.6134996
            ],
            [
              8.2619907,
              47.6120083
            ],
            [
              8.2630687,
              47.6101735
            ],
            [
              8.2633246,
              47.6098898
            ],
            [
              8.2635762,
              47.6097512
            ],
            [
              8.2644436,
              47.6095062
            ],
            [
              8.2653978,
              47.6093058
            ],
            [
              8.2665183,
              47.6091717
            ],
            [
              8.2676783,
              47.6092237
            ],
            [
              8.2709834,
              47.6103277
            ],
            [
              8.2739734,
              47.6111476
            ],
            [
              8.2771466,
              47.6116344
            ],
            [
              8.2790995,
              47.6116458
            ],
            [
              8.2844048,
              47.6111607
            ],
            [
              8.2876852,
              47.6105221
            ],
            [
              8.2918919,
              47.6091251
            ],
            [
              8.2945815,
              47.6078336
            ],
            [
              8.297194,
              47.6060651
            ],
            [
              8.2977868,
              47.6043797
            ],
            [
              8.2967235,
              47.6009649
            ],
            [
              8.2957476,
              47.5975064
            ],
            [
              8.2953248,
              47.5950451
            ],
            [
              8.2952383,
              47.5936799
            ],
            [
              8.2954674,
              47.5927364
            ],
            [
              8.2961385,
              47.5911408
            ],
            [
              8.2974987,
              47.5892566
            ],
            [
              8.2990126,
              47.5879549
            ],
            [
              8.3007586,
              47.5868052
            ],
            [
              8.3039372,
              47.585456
            ],
            [
              8.3074352,
              47.5845176
            ],
            [
              8.3096019,
              47.5838888
            ],
            [
              8.3124556,
              47.5822541
            ],
            [
              8.3141794,
              47.5808496
            ],
            [
              8.3159228,
              47.5792248
            ],
            [
              8.3201518,
              47.5753695
            ],
            [
              8.3222033,
              47.5738929
            ],
            [
              8.3249813,
              47.5723635
            ],
            [
              8.3258968,
              47.5720695
            ],
            [
              8.3281281,
              47.5713656
            ],
            [
              8.3293859,
              47.5710124
            ],
            [
              8.3309055,
              47.5707477
            ],
            [
              8.3324901,
              47.5705497
            ],
            [
              8.337299,
              47.5703386
            ],
            [
              8.3381739,
              47.5703142
            ],
            [
              8.339572,
              47.570272
            ],
            [
              8.3475612,
              47.5708111
            ],
            [
              8.3542119,
              47.5703695
            ],
            [
              8.3552913,
              47.5703167
            ],
            [
              8.3579467,
              47.5701918
            ],
            [
              8.3585797,
              47.570152
            ],
            [
              8.3593209,
              47.5700525
            ],
            [
              8.3598135,
              47.5699674
            ],
            [
              8.3603848,
              47.5698372
            ],
            [
              8.3617496,
              47.5694332
            ],
            [
              8.3626379,
              47.5692085
            ],
            [
              8.3638583,
              47.5689642
            ],
            [
              8.3647863,
              47.5688249
            ],
            [
              8.3657311,
              47.5687282
            ],
            [
              8.3679352,
              47.5685932
            ],
            [
              8.3699905,
              47.5684728
            ],
            [
              8.3714248,
              47.5683761
            ],
            [
              8.3727069,
              47.5682023
            ],
            [
              8.3735303,
              47.5680467
            ],
            [
              8.3743132,
              47.5678725
            ],
            [
              8.3751799,
              47.5676594
            ],
            [
              8.3760489,
              47.5674676
            ],
            [
              8.3777245,
              47.5671695
            ],
            [
              8.3785286,
              47.5669627
            ],
            [
              8.3793655,
              47.5666713
            ],
            [
              8.3810686,
              47.5660382
            ],
            [
              8.3814562,
              47.5658913
            ],
            [
              8.3818394,
              47.5657752
            ],
            [
              8.382045,
              47.565742
            ],
            [
              8.3822783,
              47.5657202
            ],
            [
              8.3827163,
              47.5657222
            ],
            [
              8.3829972,
              47.56577
            ],
            [
              8.383193,
              47.5658207
            ],
            [
              8.3837789,
              47.566028
            ],
            [
              8.3843651,
              47.5663211
            ],
            [
              8.3849444,
              47.5666925
            ],
            [
              8.3854018,
              47.5671079
            ],
            [
              8.3858189,
              47.5676436
            ],
            [
              8.3864519,
              47.568695
            ],
            [
              8.3876748,
              47.5708252
            ],
            [
              8.3883214,
              47.5717678
            ],
            [
              8.389067,
              47.5726784
            ],
            [
              8.3900272,
              47.5734923
            ],
            [
              8.3910624,
              47.5742387
            ],
            [
              8.393939,
              47.5761418
            ],
            [
              8.3954036,
              47.5768531
            ],
            [
              8.396655,
              47.5771442
            ],
            [
              8.3979059,
              47.5771716
            ],
            [
              8.3994112,
              47.577056
            ],
            [
              8.4013915,
              47.5764551
            ],
            [
              8.4064134,
              47.5749311
            ],
            [
              8.4134218,
              47.5715722
            ],
            [
              8.4161952,
              47.5706755
            ],
            [
              8.419054,
              47.5699555
            ],
            [
              8.4223597,
              47.5690164
            ],
            [
              8.4255012,
              47.567951
            ],
            [
              8.4274349,
              47.5672536
            ],
            [
              8.4291255,
              47.5668279
            ],
            [
              8.4302926,
              47.5666455
            ],
            [
              8.4315023,
              47.5665659
            ],
            [
              8.4325313,
              47.5665582
            ],
            [
              8.4335629,
              47.5666136
            ],
            [
              8.4343215,
              47.5667097
            ],
            [
              8.4356818,
              47.5668709
            ],
            [
              8.4384262,
              47.5672473
            ],
            [
              8.4387366,
              47.5673448
            ],
            [
              8.4469937,
              47.5699376
            ],
            [
              8.4502371,
              47.5710635
            ],
            [
              8.4527729,
              47.5714668
            ],
            [
              8.4545977,
              47.5719676
            ],
            [
              8.4561711,
              47.5724365
            ],
            [
              8.4569465,
              47.5724775
            ],
            [
              8.4579647,
              47.5723776
            ],
            [
              8.4588184,
              47.572272
            ],
            [
              8.4607184,
              47.5720596
            ],
            [
              8.4618184,
              47.5719795
            ],
            [
              8.4629059,
              47.5720249
            ],
            [
              8.4641091,
              47.5721606
            ],
            [
              8.4660627,
              47.5726929
            ],
            [
              8.4696247,
              47.5741545
            ],
            [
              8.4716039,
              47.5752104
            ],
            [
              8.4723057,
              47.5756061
            ],
            [
              8.4723489,
              47.5756279
            ],
            [
              8.4723899,
              47.5756486
            ],
            [
              8.4727213,
              47.5758339
            ],
            [
              8.4749843,
              47.5771273
            ],
            [
              8.4763233,
              47.5777236
            ],
            [
              8.4772762,
              47.5780077
            ],
            [
              8.4784691,
              47.5780768
            ],
            [
              8.4794315,
              47.578044
            ],
            [
              8.4810011,
              47.5776021
            ],
            [
              8.4831277,
              47.5771966
            ],
            [
              8.4834507,
              47.577135
            ],
            [
              8.4843561,
              47.5770936
            ],
            [
              8.4849127,
              47.5771341
            ],
            [
              8.4853745,
              47.5772024
            ],
            [
              8.4860467,
              47.5773493
            ],
            [
              8.4872141,
              47.5778462
            ],
            [
              8.4904303,
              47.5795533
            ],
            [
              8.4920337,
              47.5803749
            ],
            [
              8.493857,
              47.5808891
            ],
            [
              8.4953245,
              47.5811494
            ],
            [
              8.4962926,
              47.5812363
            ],
            [
              8.4979939,
              47.5811878
            ],
            [
              8.4992464,
              47.5810214
            ],
            [
              8.5001766,
              47.5807701
            ],
            [
              8.5028519,
              47.5799675
            ],
            [
              8.5059487,
              47.5788971
            ],
            [
              8.5111079,
              47.5774249
            ],
            [
              8.5162204,
              47.5762316
            ],
            [
              8.5216836,
              47.5752471
            ],
            [
              8.5240661,
              47.5748178
            ],
            [
              8.5258539,
              47.5744957
            ],
            [
              8.5275705,
              47.573963
            ],
            [
              8.5302055,
              47.5734129
            ],
            [
              8.5317522,
              47.5731802
            ],
            [
              8.5345743,
              47.5727643
            ],
            [
              8.5367801,
              47.5721737
            ],
            [
              8.5383165,
              47.5716583
            ],
            [
              8.5391604,
              47.5712417
            ],
            [
              8.540076,
              47.5707897
            ],
            [
              8.5415484,
              47.5700446
            ],
            [
              8.5421016,
              47.5697647
            ],
            [
              8.543703,
              47.5687158
            ],
            [
              8.5441616,
              47.5684154
            ],
            [
              8.5462902,
              47.5667881
            ],
            [
              8.5467448,
              47.566289
            ],
            [
              8.547672,
              47.5652708
            ],
            [
              8.5485304,
              47.5641762
            ],
            [
              8.5485514,
              47.5641395
            ],
            [
              8.5493286,
              47.5627804
            ],
            [
              8.5500496,
              47.5611703
            ],
            [
              8.5504358,
              47.5591025
            ],
            [
              8.550628,
              47.5577357
            ],
            [
              8.550659,
              47.5575155
            ],
            [
              8.550822,
              47.5563918
            ],
            [
              8.5517748,
              47.5552043
            ],
            [
              8.5532167,
              47.5540863
            ],
            [
              8.5540922,
              47.5532812
            ],
            [
              8.5549398,
              47.5525023
            ],
            [
              8.5562845,
              47.5521472
            ],
            [
              8.5573108,
              47.5523253
            ],
            [
              8.5583894,
              47.5527785
            ],
            [
              8.5594137,
              47.5534202
            ],
            [
              8.560437,
              47.5544782
            ],
            [
              8.5606239,
              47.5546714
            ],
            [
              8.5636966,
              47.5581526
            ],
            [
              8.5646408,
              47.5593806
            ],
            [
              8.5661514,
              47.5608228
            ],
            [
              8.567353,
              47.5621781
            ],
            [
              8.5680311,
              47.5636144
            ],
            [
              8.56807,
              47.563692
            ],
            [
              8.5686233,
              47.5647959
            ],
            [
              8.5688891,
              47.5653946
            ],
            [
              8.5691555,
              47.5659947
            ],
            [
              8.5693786,
              47.5666723
            ],
            [
              8.5694189,
              47.5674876
            ],
            [
              8.5694645,
              47.5684096
            ],
            [
              8.5696974,
              47.5697328
            ],
            [
              8.5697734,
              47.5701643
            ],
            [
              8.5704496,
              47.5717791
            ],
            [
              8.5706318,
              47.5722142
            ],
            [
              8.5714145,
              47.5732714
            ],
            [
              8.5715845,
              47.5737545
            ],
            [
              8.572151,
              47.5745247
            ],
            [
              8.5731208,
              47.5752369
            ],
            [
              8.5744679,
              47.575621
            ],
            [
              8.5773328,
              47.5759366
            ],
            [
              8.5781242,
              47.5760132
            ],
            [
              8.578385,
              47.5760384
            ],
            [
              8.5787021,
              47.5760876
            ],
            [
              8.5789854,
              47.5761665
            ],
            [
              8.5792364,
              47.5762649
            ],
            [
              8.5794542,
              47.5763768
            ],
            [
              8.5796444,
              47.5764934
            ],
            [
              8.5798827,
              47.5767045
            ],
            [
              8.5800659,
              47.5769483
            ],
            [
              8.5801729,
              47.5772088
            ],
            [
              8.5802451,
              47.5775801
            ],
            [
              8.5802597,
              47.5779532
            ],
            [
              8.5801992,
              47.5783598
            ],
            [
              8.5800222,
              47.5787478
            ],
            [
              8.579802,
              47.5791211
            ],
            [
              8.5783413,
              47.5815075
            ],
            [
              8.5775374,
              47.5831837
            ],
            [
              8.5770989,
              47.5852541
            ],
            [
              8.5770989,
              47.5871765
            ],
            [
              8.5777566,
              47.588951
            ],
            [
              8.5788529,
              47.5903312
            ],
            [
              8.5814263,
              47.5922159
            ],
            [
              8.5828439,
              47.5930367
            ],
            [
              8.5843705,
              47.5936298
            ],
            [
              8.5873129,
              47.5943116
            ],
            [
              8.5898155,
              47.5948656
            ],
            [
              8.5915927,
              47.5952711
            ],
            [
              8.5931377,
              47.5956647
            ],
            [
              8.593643,
              47.595969
            ],
            [
              8.5941505,
              47.5962725
            ],
            [
              8.5947771,
              47.5969381
            ],
            [
              8.5951375,
              47.5977368
            ],
            [
              8.5951461,
              47.5985355
            ],
            [
              8.5947513,
              47.5995136
            ],
            [
              8.5944251,
              47.6004107
            ],
            [
              8.5943479,
              47.6011573
            ],
            [
              8.5944766,
              47.6018634
            ],
            [
              8.5947685,
              47.6027778
            ],
            [
              8.5949058,
              47.6036053
            ],
            [
              8.5950689,
              47.6043982
            ],
            [
              8.595438,
              47.6050926
            ],
            [
              8.5959959,
              47.605897
            ],
            [
              8.5967512,
              47.6065914
            ],
            [
              8.5978584,
              47.6071585
            ],
            [
              8.5993604,
              47.6079513
            ],
            [
              8.6009654,
              47.6090566
            ],
            [
              8.6025018,
              47.6101329
            ],
            [
              8.6035833,
              47.6110413
            ],
            [
              8.6042957,
              47.6118688
            ],
            [
              8.6047592,
              47.6126904
            ],
            [
              8.6050767,
              47.6134542
            ],
            [
              8.6052484,
              47.614461
            ],
            [
              8.6052827,
              47.615271
            ],
            [
              8.6052055,
              47.616
            ],
            [
              8.6048965,
              47.6168679
            ],
            [
              8.6043558,
              47.6177994
            ],
            [
              8.6035747,
              47.6188813
            ],
            [
              8.6020984,
              47.6205012
            ],
            [
              8.6012401,
              47.6214615
            ],
            [
              8.6005105,
              47.6225144
            ],
            [
              8.5997982,
              47.6235731
            ],
            [
              8.5991458,
              47.6246375
            ],
            [
              8.5986824,
              47.6257656
            ],
            [
              8.5981931,
              47.6269167
            ],
            [
              8.5977811,
              47.6280158
            ],
            [
              8.5976867,
              47.6287562
            ],
            [
              8.597249,
              47.6299304
            ],
            [
              8.5970001,
              47.6308501
            ],
            [
              8.5969314,
              47.6316772
            ],
            [
              8.5968542,
              47.632753
            ],
            [
              8.5967254,
              47.6337594
            ],
            [
              8.5968112,
              47.6346964
            ],
            [
              8.5967953,
              47.6351855
            ],
            [
              8.5968284,
              47.6357086
            ],
            [
              8.5966554,
              47.6368838
            ],
            [
              8.5965097,
              47.6372361
            ],
            [
              8.5963478,
              47.6376576
            ],
            [
              8.5959707,
              47.6386187
            ],
            [
              8.5959358,
              47.6387367
            ],
            [
              8.5957754,
              47.6392938
            ],
            [
              8.5957126,
              47.6395141
            ],
            [
              8.5955066,
              47.6407806
            ],
            [
              8.5954551,
              47.6416885
            ],
            [
              8.5955151,
              47.6422122
            ],
            [
              8.5955753,
              47.6426253
            ],
            [
              8.596116,
              47.6434638
            ],
            [
              8.5981309,
              47.64447
            ],
            [
              8.6000595,
              47.6451539
            ],
            [
              8.6015313,
              47.6461113
            ],
            [
              8.6025464,
              47.6474106
            ],
            [
              8.6029524,
              47.6485731
            ],
            [
              8.6031554,
              47.6498723
            ],
            [
              8.6037127,
              47.6506529
            ],
            [
              8.6037809,
              47.650761
            ],
            [
              8.6039989,
              47.6510783
            ],
            [
              8.6045291,
              47.6517135
            ],
            [
              8.6047287,
              47.6518895
            ],
            [
              8.6058238,
              47.6523868
            ],
            [
              8.6078754,
              47.6524023
            ],
            [
              8.6099563,
              47.6515476
            ],
            [
              8.6118341,
              47.6503852
            ],
            [
              8.6131537,
              47.6488466
            ],
            [
              8.6137627,
              47.6474448
            ],
            [
              8.6140165,
              47.6458035
            ],
            [
              8.6137627,
              47.6441281
            ],
            [
              8.6125954,
              47.6428971
            ],
            [
              8.6108191,
              47.6419738
            ],
            [
              8.6084337,
              47.6415293
            ],
            [
              8.6054393,
              47.641666
            ],
            [
              8.6041399,
              47.6414609
            ],
            [
              8.6034858,
              47.6410247
            ],
            [
              8.6033976,
              47.6403969
            ],
            [
              8.6034375,
              47.6398609
            ],
            [
              8.6034737,
              47.6393578
            ],
            [
              8.6034742,
              47.639268
            ],
            [
              8.6034741,
              47.6390014
            ],
            [
              8.6035059,
              47.638853
            ],
            [
              8.6047287,
              47.6376992
            ],
            [
              8.6069111,
              47.6370152
            ],
            [
              8.6109206,
              47.6372204
            ],
            [
              8.6148285,
              47.637665
            ],
            [
              8.6189903,
              47.6386909
            ],
            [
              8.6211219,
              47.6396485
            ],
            [
              8.623558,
              47.6413583
            ],
            [
              8.6251314,
              47.6431364
            ],
            [
              8.6259942,
              47.6447093
            ],
            [
              8.6268079,
              47.6465039
            ],
            [
              8.6283059,
              47.6488251
            ],
            [
              8.6287553,
              47.6511965
            ],
            [
              8.6283059,
              47.6530634
            ],
            [
              8.6262087,
              47.6548797
            ],
            [
              8.6235123,
              47.6568473
            ],
            [
              8.622239,
              47.6577049
            ],
            [
              8.6197673,
              47.6592184
            ],
            [
              8.6175952,
              47.6601265
            ],
            [
              8.6134008,
              47.6621443
            ],
            [
              8.6107044,
              47.663809
            ],
            [
              8.6093562,
              47.6652718
            ],
            [
              8.608757,
              47.6672895
            ],
            [
              8.6087487,
              47.6677195
            ],
            [
              8.6086721,
              47.668769
            ],
            [
              8.6089068,
              47.6704671
            ],
            [
              8.6096558,
              47.6721819
            ],
            [
              8.6100303,
              47.6737454
            ],
            [
              8.6104048,
              47.6755106
            ],
            [
              8.6107265,
              47.6758496
            ],
            [
              8.6116447,
              47.676817
            ],
            [
              8.6128448,
              47.677494
            ],
            [
              8.6137487,
              47.6777346
            ],
            [
              8.6143864,
              47.6777742
            ],
            [
              8.6150718,
              47.677719
            ],
            [
              8.6157035,
              47.6775753
            ],
            [
              8.6161741,
              47.6773472
            ],
            [
              8.6165551,
              47.6770405
            ],
            [
              8.6169211,
              47.6764688
            ],
            [
              8.6174684,
              47.6759518
            ],
            [
              8.6181195,
              47.6755106
            ],
            [
              8.6188034,
              47.675305
            ],
            [
              8.6193467,
              47.675241
            ],
            [
              8.6199706,
              47.6752192
            ],
            [
              8.6208161,
              47.6752794
            ],
            [
              8.6215103,
              47.6754619
            ],
            [
              8.6225386,
              47.6757627
            ],
            [
              8.6238356,
              47.6762207
            ],
            [
              8.6249152,
              47.676749
            ],
            [
              8.6260801,
              47.6774694
            ],
            [
              8.6263494,
              47.6777698
            ],
            [
              8.6265844,
              47.6780321
            ],
            [
              8.6268647,
              47.6785388
            ],
            [
              8.6271515,
              47.6791064
            ],
            [
              8.6273783,
              47.6798002
            ],
            [
              8.6274867,
              47.680528
            ],
            [
              8.6274163,
              47.6809496
            ],
            [
              8.6272261,
              47.681337
            ],
            [
              8.6267678,
              47.6820636
            ],
            [
              8.6263226,
              47.6827552
            ],
            [
              8.6259091,
              47.6834783
            ],
            [
              8.6253099,
              47.6856969
            ],
            [
              8.6243362,
              47.6883188
            ],
            [
              8.6239617,
              47.6902347
            ],
            [
              8.6242613,
              47.6912935
            ],
            [
              8.6252676,
              47.6918508
            ],
            [
              8.6254597,
              47.6919993
            ],
            [
              8.6256584,
              47.6920564
            ],
            [
              8.6274047,
              47.692519
            ],
            [
              8.6303086,
              47.692658
            ],
            [
              8.6306419,
              47.6926887
            ],
            [
              8.6318043,
              47.6927723
            ],
            [
              8.6329637,
              47.6928551
            ],
            [
              8.6344807,
              47.6930021
            ],
            [
              8.6360949,
              47.6932417
            ],
            [
              8.6373688,
              47.6935622
            ],
            [
              8.6384931,
              47.6939301
            ],
            [
              8.6408999,
              47.6948658
            ],
            [
              8.6413902,
              47.6949407
            ],
            [
              8.6419291,
              47.6949493
            ],
            [
              8.6426781,
              47.6948716
            ],
            [
              8.643739,
              47.6947138
            ],
            [
              8.6457388,
              47.6941934
            ],
            [
              8.6468775,
              47.6937024
            ],
            [
              8.6483791,
              47.6928564
            ],
            [
              8.6528731,
              47.6905372
            ],
            [
              8.6577416,
              47.6876129
            ],
            [
              8.6614866,
              47.6861507
            ],
            [
              8.6668045,
              47.6852935
            ],
            [
              8.6702499,
              47.6848901
            ],
            [
              8.6719726,
              47.685344
            ],
            [
              8.6741917,
              47.6860193
            ],
            [
              8.6771191,
              47.6868284
            ],
            [
              8.6803122,
              47.6887599
            ],
            [
              8.6822339,
              47.6899322
            ],
            [
              8.68304,
              47.69019
            ],
            [
              8.6835621,
              47.6904511
            ],
            [
              8.6840527,
              47.6908823
            ],
            [
              8.6859789,
              47.6925539
            ],
            [
              8.6882259,
              47.6946713
            ],
            [
              8.6887824,
              47.6951134
            ],
            [
              8.6896651,
              47.6955597
            ],
            [
              8.6907,
              47.6956
            ],
            [
              8.6919071,
              47.6953259
            ],
            [
              8.694143,
              47.6945359
            ],
            [
              8.6981221,
              47.6932755
            ],
            [
              8.6984413,
              47.6931583
            ],
            [
              8.7019841,
              47.6918575
            ],
            [
              8.7038971,
              47.6906486
            ],
            [
              8.7054077,
              47.6898571
            ],
            [
              8.7069486,
              47.6895198
            ],
            [
              8.7113466,
              47.6896518
            ],
            [
              8.7144392,
              47.689614
            ],
            [
              8.7161449,
              47.690282
            ],
            [
              8.7216454,
              47.6921726
            ],
            [
              8.7244,
              47.6924892
            ],
            [
              8.7264437,
              47.6927241
            ],
            [
              8.729137,
              47.6928968
            ],
            [
              8.731327,
              47.6929099
            ],
            [
              8.7325217,
              47.6927828
            ],
            [
              8.7348847,
              47.6928414
            ],
            [
              8.7355721,
              47.6928028
            ],
            [
              8.7380298,
              47.6921726
            ],
            [
              8.7408385,
              47.6913061
            ],
            [
              8.7445835,
              47.690991
            ],
            [
              8.7468496,
              47.6909883
            ],
            [
              8.7492373,
              47.6908417
            ],
            [
              8.7501205,
              47.6908174
            ],
            [
              8.7508987,
              47.690788
            ],
            [
              8.7530426,
              47.6905224
            ],
            [
              8.757691,
              47.6894942
            ],
            [
              8.7619041,
              47.6879974
            ],
            [
              8.7663513,
              47.6862642
            ],
            [
              8.768643,
              47.6850072
            ],
            [
              8.7695112,
              47.6845309
            ],
            [
              8.7713837,
              47.6826711
            ],
            [
              8.7744265,
              47.680749
            ],
            [
              8.7758734,
              47.68028
            ],
            [
              8.7775863,
              47.6797247
            ],
            [
              8.7810973,
              47.6781488
            ],
            [
              8.7850588,
              47.6768172
            ],
            [
              8.7867842,
              47.6760016
            ],
            [
              8.7902257,
              47.6752513
            ],
            [
              8.7931515,
              47.6748392
            ],
            [
              8.79544,
              47.6752492
            ],
            [
              8.7980288,
              47.676014
            ],
            [
              8.7986519,
              47.6761788
            ],
            [
              8.7999699,
              47.6770218
            ],
            [
              8.8009926,
              47.677676
            ],
            [
              8.8033783,
              47.6784842
            ],
            [
              8.8051593,
              47.6782458
            ],
            [
              8.8071119,
              47.6772634
            ],
            [
              8.80885,
              47.676606
            ],
            [
              8.8099444,
              47.6765916
            ],
            [
              8.8120472,
              47.677025
            ],
            [
              8.8142359,
              47.6777763
            ],
            [
              8.8170788,
              47.6777922
            ],
            [
              8.8196815,
              47.677105
            ],
            [
              8.8225904,
              47.6761772
            ],
            [
              8.8239305,
              47.6757475
            ],
            [
              8.8258055,
              47.6751464
            ],
            [
              8.8268128,
              47.6749853
            ],
            [
              8.8274896,
              47.6748715
            ],
            [
              8.8288343,
              47.6749473
            ],
            [
              8.8301494,
              47.6747614
            ],
            [
              8.8307564,
              47.6746011
            ],
            [
              8.8319577,
              47.6740895
            ],
            [
              8.8328886,
              47.6736507
            ],
            [
              8.8343508,
              47.6729673
            ],
            [
              8.8347851,
              47.6727568
            ],
            [
              8.8348542,
              47.672707
            ],
            [
              8.8356451,
              47.6721374
            ],
            [
              8.8388494,
              47.6698295
            ],
            [
              8.8392029,
              47.6679017
            ],
            [
              8.8398134,
              47.6669338
            ],
            [
              8.8402139,
              47.6662988
            ],
            [
              8.8408993,
              47.6652122
            ],
            [
              8.8423839,
              47.6641506
            ],
            [
              8.8433861,
              47.6638326
            ],
            [
              8.8465638,
              47.6632084
            ],
            [
              8.848004,
              47.6628871
            ],
            [
              8.8483049,
              47.66282
            ],
            [
              8.8516806,
              47.6620571
            ],
            [
              8.85382,
              47.66101
            ],
            [
              8.85468,
              47.66054
            ],
            [
              8.8561497,
              47.6594985
            ],
            [
              8.85809,
              47.6585
            ],
            [
              8.8589253,
              47.6581811
            ],
            [
              8.8589835,
              47.6581639
            ],
            [
              8.86054,
              47.6578776
            ],
            [
              8.8623213,
              47.6579001
            ],
            [
              8.8632792,
              47.6579122
            ],
            [
              8.8639754,
              47.6578224
            ],
            [
              8.8661384,
              47.6575436
            ],
            [
              8.8690119,
              47.6557922
            ],
            [
              8.8693891,
              47.6557131
            ],
            [
              8.8732122,
              47.654912
            ],
            [
              8.8751447,
              47.6549477
            ],
            [
              8.877938,
              47.6549777
            ],
            [
              8.8795927,
              47.6548839
            ],
            [
              8.8846255,
              47.6538592
            ],
            [
              8.8904351,
              47.6503055
            ],
            [
              8.8962771,
              47.6485285
            ],
            [
              8.8978678,
              47.648736
            ],
            [
              8.9074755,
              47.6499893
            ],
            [
              8.9151733,
              47.6518637
            ],
            [
              8.9262798,
              47.6545678
            ],
            [
              8.9321995,
              47.6550802
            ],
            [
              8.938451,
              47.6556213
            ],
            [
              8.9401322,
              47.6557669
            ],
            [
              8.9513687,
              47.6598021
            ],
            [
              8.9533049,
              47.6604974
            ],
            [
              8.955864,
              47.6615741
            ],
            [
              8.9653772,
              47.6655763
            ],
            [
              8.9756648,
              47.6698976
            ],
            [
              8.9786793,
              47.6712649
            ],
            [
              8.9828168,
              47.6729741
            ],
            [
              8.9996521,
              47.6772798
            ],
            [
              9.0049115,
              47.6786745
            ],
            [
              9.0201718,
              47.6827275
            ],
            [
              9.0370876,
              47.6830927
            ],
            [
              9.047249,
              47.6825081
            ],
            [
              9.0652568,
              47.6806792
            ],
            [
              9.0769974,
              47.6790504
            ],
            [
              9.0907931,
              47.6750134
            ],
            [
              9.0947417,
              47.6710034
            ],
            [
              9.0966836,
              47.6692162
            ],
            [
              9.0991757,
              47.6686277
            ],
            [
              9.1023152,
              47.6688239
            ],
            [
              9.1077364,
              47.6699245
            ],
            [
              9.1099534,
              47.6693034
            ],
            [
              9.111701,
              47.6682307
            ],
            [
              9.1127368,
              47.6672982
            ],
            [
              9.1144522,
              47.6668405
            ],
            [
              9.1184332,
              47.6664482
            ],
            [
              9.1217344,
              47.6672546
            ],
            [
              9.1259719,
              47.6671887
            ],
            [
              9.1295102,
              47.6663718
            ],
            [
              9.1331594,
              47.6656962
            ],
            [
              9.1377796,
              47.6643502
            ],
            [
              9.1386939,
              47.6640832
            ],
            [
              9.1398753,
              47.6640505
            ],
            [
              9.1410404,
              47.6641813
            ],
            [
              9.1432453,
              47.6649578
            ],
            [
              9.1452115,
              47.6658651
            ],
            [
              9.1462027,
              47.6663637
            ],
            [
              9.1482458,
              47.667053
            ],
            [
              9.1489699,
              47.6672437
            ],
            [
              9.149884,
              47.6674104
            ],
            [
              9.150962,
              47.6674088
            ],
            [
              9.1518688,
              47.667172
            ],
            [
              9.1525555,
              47.6668035
            ],
            [
              9.1537421,
              47.6664258
            ],
            [
              9.1549909,
              47.6663628
            ],
            [
              9.1559887,
              47.6667674
            ],
            [
              9.1567504,
              47.6675477
            ],
            [
              9.1570144,
              47.6683524
            ],
            [
              9.1575229,
              47.6688555
            ],
            [
              9.1584978,
              47.6693106
            ],
            [
              9.16004,
              47.66981
            ],
            [
              9.161302,
              47.6701512
            ],
            [
              9.1621578,
              47.6702426
            ],
            [
              9.1629957,
              47.6702349
            ],
            [
              9.1668283,
              47.670057
            ],
            [
              9.1678494,
              47.6699898
            ],
            [
              9.1689759,
              47.6698344
            ],
            [
              9.1699303,
              47.669646
            ],
            [
              9.171802,
              47.6691166
            ],
            [
              9.1740425,
              47.6682459
            ],
            [
              9.175489,
              47.6677207
            ],
            [
              9.1767825,
              47.6671499
            ],
            [
              9.178649,
              47.6663264
            ],
            [
              9.1788743,
              47.6662379
            ],
            [
              9.1812203,
              47.6655406
            ],
            [
              9.1838841,
              47.6632241
            ],
            [
              9.192986,
              47.6610272
            ],
            [
              9.1994887,
              47.6591911
            ],
            [
              9.2107514,
              47.6573416
            ],
            [
              9.2201699,
              47.657969
            ],
            [
              9.2354233,
              47.659204
            ],
            [
              9.2405025,
              47.6596001
            ],
            [
              9.2888639,
              47.652851
            ],
            [
              9.3162323,
              47.6458868
            ],
            [
              9.3232142,
              47.6437289
            ],
            [
              9.3498521,
              47.6354952
            ],
            [
              9.3682851,
              47.6297968
            ],
            [
              9.3806036,
              47.6259883
            ],
            [
              9.3934005,
              47.6220316
            ],
            [
              9.4380433,
              47.6082261
            ],
            [
              9.4678474,
              47.585596
            ],
            [
              9.4930456,
              47.5670291
            ],
            [
              9.5137058,
              47.5560157
            ],
            [
              9.5574193,
              47.5456825
            ],
            [
              9.5983483,
              47.5365013
            ],
            [
              9.6206132,
              47.532262
            ],
            [
              9.6210176,
              47.532143
            ],
            [
              9.6363945,
              47.5276183
            ],
            [
              9.6447661,
              47.5253697
            ],
            [
              9.6459859,
              47.5235224
            ],
            [
              9.6484504,
              47.5185445
            ],
            [
              9.6493039,
              47.5178559
            ],
            [
              9.6509653,
              47.5165156
            ],
            [
              9.6554027,
              47.5134722
            ],
            [
              9.6600717,
              47.5114046
            ],
            [
              9.6632199,
              47.5100968
            ],
            [
              9.6657024,
              47.5082719
            ],
            [
              9.6677824,
              47.506172
            ],
            [
              9.6695042,
              47.5037093
            ],
            [
              9.670375,
              47.5019278
            ],
            [
              9.6706082,
              47.5012328
            ],
            [
              9.6708805,
              47.4994175
            ],
            [
              9.6708535,
              47.498808
            ],
            [
              9.6708186,
              47.4980196
            ],
            [
              9.670454,
              47.4897835
            ],
            [
              9.670055,
              47.4824495
            ],
            [
              9.6697825,
              47.4777797
            ],
            [
              9.6694018,
              47.4715606
            ],
            [
              9.6690495,
              47.4653299
            ],
            [
              9.6689283,
              47.463315
            ],
            [
              9.6688458,
              47.4615188
            ],
            [
              9.6687318,
              47.4606489
            ],
            [
              9.6685364,
              47.4595545
            ],
            [
              9.6680073,
              47.4579595
            ],
            [
              9.6671904,
              47.4562156
            ],
            [
              9.6661556,
              47.4546493
            ],
            [
              9.6651953,
              47.4534595
            ],
            [
              9.6644757,
              47.4527314
            ],
            [
              9.6635416,
              47.4518881
            ],
            [
              9.6629476,
              47.4513828
            ],
            [
              9.6621496,
              47.4507686
            ],
            [
              9.6602377,
              47.4494656
            ],
            [
              9.6579866,
              47.4477909
            ],
            [
              9.6578729,
              47.4477083
            ],
            [
              9.6509417,
              47.442747
            ],
            [
              9.650101,
              47.442145
            ],
            [
              9.6473516,
              47.440331
            ],
            [
              9.6465622,
              47.4396338
            ],
            [
              9.6458783,
              47.4388518
            ],
            [
              9.6451212,
              47.4378008
            ],
            [
              9.6446502,
              47.4368678
            ],
            [
              9.6443633,
              47.4358537
            ],
            [
              9.6442934,
              47.434823
            ],
            [
              9.6444766,
              47.4336636
            ],
            [
              9.6450712,
              47.4320533
            ],
            [
              9.6455139,
              47.4311951
            ],
            [
              9.6485801,
              47.4256203
            ],
            [
              9.6491552,
              47.4244214
            ],
            [
              9.6496471,
              47.4232058
            ],
            [
              9.6500921,
              47.421848
            ],
            [
              9.6504423,
              47.4204335
            ],
            [
              9.6510548,
              47.4164228
            ],
            [
              9.6518975,
              47.4083614
            ],
            [
              9.6518535,
              47.4064852
            ],
            [
              9.6516178,
              47.404626
            ],
            [
              9.6510512,
              47.4023204
            ],
            [
              9.649712,
              47.3985105
            ],
            [
              9.6483728,
              47.3947951
            ],
            [
              9.6470838,
              47.3916334
            ],
            [
              9.6454425,
              47.3883764
            ],
            [
              9.6439149,
              47.3859883
            ],
            [
              9.6422519,
              47.3835344
            ],
            [
              9.639739,
              47.3803218
            ],
            [
              9.6369951,
              47.3770918
            ],
            [
              9.6360111,
              47.3760145
            ],
            [
              9.6355732,
              47.3755727
            ],
            [
              9.6348394,
              47.3748324
            ],
            [
              9.6317125,
              47.3719192
            ],
            [
              9.6311048,
              47.3714052
            ],
            [
              9.6300672,
              47.3705275
            ],
            [
              9.6244634,
              47.3661427
            ],
            [
              9.6227121,
              47.3647701
            ],
            [
              9.6196722,
              47.362429
            ],
            [
              9.6107327,
              47.355706
            ],
            [
              9.6052835,
              47.3514775
            ],
            [
              9.6038173,
              47.3501321
            ],
            [
              9.6007126,
              47.3469074
            ],
            [
              9.600088,
              47.346156
            ],
            [
              9.5996599,
              47.3454983
            ],
            [
              9.5993193,
              47.3448173
            ],
            [
              9.5963413,
              47.3375288
            ],
            [
              9.5947963,
              47.3337548
            ],
            [
              9.5923453,
              47.3272926
            ],
            [
              9.5892637,
              47.319113
            ],
            [
              9.5890394,
              47.3186311
            ],
            [
              9.5887827,
              47.3181993
            ],
            [
              9.588613,
              47.317973
            ],
            [
              9.5882928,
              47.317549
            ],
            [
              9.588051,
              47.3173029
            ],
            [
              9.5835354,
              47.3126155
            ],
            [
              9.5825684,
              47.3118073
            ],
            [
              9.5814429,
              47.3110644
            ],
            [
              9.5804662,
              47.3105444
            ],
            [
              9.5789382,
              47.3098531
            ],
            [
              9.5705004,
              47.3062308
            ],
            [
              9.5655848,
              47.3041205
            ],
            [
              9.5655647,
              47.3041102
            ],
            [
              9.5648862,
              47.303729
            ],
            [
              9.5641211,
              47.3032522
            ],
            [
              9.5618537,
              47.3018391
            ],
            [
              9.5592261,
              47.3001917
            ],
            [
              9.5569801,
              47.2987777
            ],
            [
              9.5562533,
              47.2981946
            ],
            [
              9.5555927,
              47.2975203
            ],
            [
              9.5549518,
              47.2966252
            ],
            [
              9.5544928,
              47.2956213
            ],
            [
              9.5521102,
              47.2885058
            ],
            [
              9.5517598,
              47.2876481
            ],
            [
              9.551326,
              47.2867958
            ],
            [
              9.550677,
              47.2857626
            ],
            [
              9.5495215,
              47.2842093
            ],
            [
              9.5462813,
              47.2801561
            ],
            [
              9.5459137,
              47.2797876
            ],
            [
              9.545413,
              47.2794502
            ],
            [
              9.5434402,
              47.2783367
            ],
            [
              9.543017,
              47.2780978
            ],
            [
              9.5404095,
              47.2766368
            ],
            [
              9.5400338,
              47.2764222
            ],
            [
              9.5347742,
              47.2738808
            ],
            [
              9.5347496,
              47.2738685
            ],
            [
              9.5340628,
              47.2735383
            ],
            [
              9.5331433,
              47.2730954
            ],
            [
              9.5331164,
              47.2730823
            ],
            [
              9.5330844,
              47.2730659
            ],
            [
              9.5330424,
              47.2730438
            ],
            [
              9.5330063,
              47.273024
            ],
            [
              9.5329603,
              47.2729981
            ],
            [
              9.5329155,
              47.2729711
            ],
            [
              9.5328715,
              47.2729438
            ],
            [
              9.5328301,
              47.2729167
            ],
            [
              9.532797,
              47.2728945
            ],
            [
              9.5327649,
              47.2728719
            ],
            [
              9.5327242,
              47.2728422
            ],
            [
              9.5326889,
              47.2728152
            ],
            [
              9.5326581,
              47.272791
            ],
            [
              9.5326169,
              47.2727568
            ],
            [
              9.532427,
              47.272596
            ],
            [
              9.5321717,
              47.2723794
            ],
            [
              9.5320623,
              47.2722862
            ],
            [
              9.5319993,
              47.2722324
            ],
            [
              9.5319341,
              47.2721713
            ],
            [
              9.5318773,
              47.2721155
            ],
            [
              9.5318344,
              47.2720719
            ],
            [
              9.5317712,
              47.2720033
            ],
            [
              9.531719,
              47.2719428
            ],
            [
              9.5316001,
              47.2718011
            ],
            [
              9.5314623,
              47.2716362
            ],
            [
              9.5311999,
              47.2713239
            ],
            [
              9.5311232,
              47.2712317
            ],
            [
              9.5310422,
              47.2711279
            ],
            [
              9.5309661,
              47.2710138
            ],
            [
              9.5309313,
              47.2709579
            ],
            [
              9.5308725,
              47.2708551
            ],
            [
              9.5308218,
              47.2707532
            ],
            [
              9.5307487,
              47.270581
            ],
            [
              9.5304682,
              47.2698662
            ],
            [
              9.5303761,
              47.2694757
            ],
            [
              9.5303346,
              47.2687865
            ],
            [
              9.530279,
              47.2646254
            ],
            [
              9.5302636,
              47.263364
            ],
            [
              9.5301131,
              47.2624922
            ],
            [
              9.5298329,
              47.2618521
            ],
            [
              9.5247488,
              47.2523266
            ],
            [
              9.5216266,
              47.2462495
            ],
            [
              9.5204517,
              47.2439624
            ],
            [
              9.5192271,
              47.2422078
            ],
            [
              9.5180129,
              47.2406452
            ],
            [
              9.5103331,
              47.2318006
            ],
            [
              9.5086063,
              47.2297807
            ],
            [
              9.5046405,
              47.2251254
            ],
            [
              9.5035029,
              47.2235074
            ],
            [
              9.5016427,
              47.2201756
            ],
            [
              9.5011948,
              47.218357
            ],
            [
              9.4998592,
              47.2121491
            ],
            [
              9.4996332,
              47.2113569
            ],
            [
              9.4965658,
              47.2067135
            ],
            [
              9.4956519,
              47.2053502
            ],
            [
              9.4906306,
              47.1981947
            ],
            [
              9.4905058,
              47.1979394
            ],
            [
              9.4897626,
              47.1964922
            ],
            [
              9.4891846,
              47.194747
            ],
            [
              9.4878769,
              47.1901639
            ],
            [
              9.4868652,
              47.1862729
            ],
            [
              9.4859368,
              47.1823552
            ],
            [
              9.485849,
              47.1814408
            ],
            [
              9.4859854,
              47.1805224
            ],
            [
              9.4890296,
              47.169941
            ],
            [
              9.4892437,
              47.1692039
            ],
            [
              9.4893385,
              47.1688968
            ],
            [
              9.4906702,
              47.1644959
            ],
            [
              9.4906898,
              47.1644331
            ],
            [
              9.4913071,
              47.1629699
            ],
            [
              9.4933164,
              47.1596363
            ],
            [
              9.4950466,
              47.1569956
            ],
            [
              9.4954711,
              47.1563478
            ],
            [
              9.4997308,
              47.1497696
            ],
            [
              9.5011802,
              47.1482687
            ],
            [
              9.5026605,
              47.14688
            ],
            [
              9.5058302,
              47.1439003
            ],
            [
              9.5072011,
              47.1423838
            ],
            [
              9.5081841,
              47.1407276
            ],
            [
              9.5116654,
              47.1324563
            ],
            [
              9.5123851,
              47.1303024
            ],
            [
              9.5127679,
              47.1298006
            ],
            [
              9.5131356,
              47.1290739
            ],
            [
              9.5137929,
              47.1265292
            ],
            [
              9.513267,
              47.124988
            ],
            [
              9.5138683,
              47.1223797
            ],
            [
              9.5145259,
              47.1219427
            ],
            [
              9.5147836,
              47.1214776
            ],
            [
              9.5155993,
              47.1198543
            ],
            [
              9.5152483,
              47.1178771
            ],
            [
              9.515756,
              47.1160356
            ],
            [
              9.5163725,
              47.1135189
            ],
            [
              9.5174923,
              47.1120555
            ],
            [
              9.5179083,
              47.1105553
            ],
            [
              9.518828,
              47.1074899
            ],
            [
              9.5184509,
              47.1060107
            ],
            [
              9.5185141,
              47.1052059
            ],
            [
              9.5187678,
              47.1031308
            ],
            [
              9.5194981,
              47.1022265
            ],
            [
              9.5196894,
              47.10127
            ],
            [
              9.5198586,
              47.0997773
            ],
            [
              9.5199101,
              47.0985314
            ],
            [
              9.5197812,
              47.0967365
            ],
            [
              9.5196528,
              47.0960827
            ],
            [
              9.5185187,
              47.0950943
            ],
            [
              9.5170452,
              47.0921044
            ],
            [
              9.5171783,
              47.0912159
            ],
            [
              9.5170737,
              47.0903722
            ],
            [
              9.5161645,
              47.0879784
            ],
            [
              9.515517,
              47.087716
            ],
            [
              9.5143739,
              47.0867144
            ],
            [
              9.5127774,
              47.0855314
            ],
            [
              9.5127623,
              47.0851435
            ],
            [
              9.5122072,
              47.0844316
            ],
            [
              9.509629,
              47.0829911
            ],
            [
              9.5078083,
              47.0827492
            ],
            [
              9.5047112,
              47.0810478
            ],
            [
              9.5042582,
              47.080761
            ],
            [
              9.5040616,
              47.07995
            ],
            [
              9.5000498,
              47.0777207
            ],
            [
              9.4980895,
              47.0773563
            ],
            [
              9.4943476,
              47.0752122
            ],
            [
              9.4937125,
              47.0744552
            ],
            [
              9.492449,
              47.0738112
            ],
            [
              9.491315,
              47.0732629
            ],
            [
              9.4888763,
              47.0722607
            ],
            [
              9.487619,
              47.0719233
            ],
            [
              9.4857674,
              47.0712909
            ],
            [
              9.4819879,
              47.0698086
            ],
            [
              9.4807419,
              47.0691778
            ],
            [
              9.4793429,
              47.0685192
            ],
            [
              9.4765323,
              47.0673758
            ],
            [
              9.4750928,
              47.066967
            ],
            [
              9.4740884,
              47.0663892
            ],
            [
              9.4731659,
              47.0657468
            ],
            [
              9.47233,
              47.0650606
            ],
            [
              9.4716606,
              47.0642264
            ],
            [
              9.4715921,
              47.0631839
            ],
            [
              9.4715658,
              47.0626313
            ],
            [
              9.4717767,
              47.0615162
            ],
            [
              9.4724195,
              47.0597862
            ],
            [
              9.4757825,
              47.0517462
            ],
            [
              9.4772452,
              47.049055
            ],
            [
              9.4776928,
              47.048464
            ],
            [
              9.4784374,
              47.0474809
            ],
            [
              9.4814701,
              47.0440851
            ],
            [
              9.4852277,
              47.0403009
            ],
            [
              9.487088,
              47.038372
            ],
            [
              9.4876505,
              47.0377877
            ],
            [
              9.4916807,
              47.0335767
            ],
            [
              9.4922438,
              47.0329874
            ],
            [
              9.4931315,
              47.0320615
            ],
            [
              9.5020762,
              47.0227371
            ],
            [
              9.5030598,
              47.0217116
            ],
            [
              9.5047949,
              47.0198721
            ],
            [
              9.5062708,
              47.0187255
            ],
            [
              9.5079772,
              47.0166998
            ],
            [
              9.5083376,
              47.0160274
            ],
            [
              9.5083585,
              47.0155588
            ],
            [
              9.5083283,
              47.0151058
            ],
            [
              9.5095288,
              47.0121915
            ],
            [
              9.5097656,
              47.0114062
            ],
            [
              9.509959,
              47.0101745
            ],
            [
              9.5106838,
              47.0091449
            ],
            [
              9.5115612,
              47.0080547
            ],
            [
              9.5150069,
              47.0043921
            ],
            [
              9.5186316,
              47.0005389
            ],
            [
              9.5215774,
              46.9976232
            ],
            [
              9.541667,
              46.9800204
            ],
            [
              9.5445482,
              46.9774954
            ],
            [
              9.5455848,
              46.9765697
            ],
            [
              9.5470068,
              46.975472
            ],
            [
              9.5482431,
              46.9742036
            ],
            [
              9.5487988,
              46.9735804
            ],
            [
              9.549515,
              46.9724598
            ],
            [
              9.5499534,
              46.9716847
            ],
            [
              9.5501379,
              46.9712087
            ],
            [
              9.5501771,
              46.9709725
            ],
            [
              9.5501794,
              46.9707895
            ],
            [
              9.5500901,
              46.9704279
            ],
            [
              9.5498415,
              46.9698556
            ],
            [
              9.5497593,
              46.9696275
            ],
            [
              9.5497183,
              46.9694039
            ],
            [
              9.5496806,
              46.9688169
            ],
            [
              9.548938,
              46.9665986
            ],
            [
              9.5487875,
              46.9661051
            ],
            [
              9.5485032,
              46.9654095
            ],
            [
              9.5482457,
              46.9647469
            ],
            [
              9.5480418,
              46.963806
            ],
            [
              9.5479345,
              46.9634985
            ],
            [
              9.5477843,
              46.9627809
            ],
            [
              9.5477307,
              46.9619462
            ],
            [
              9.54772,
              46.9615801
            ],
            [
              9.5476824,
              46.9611737
            ],
            [
              9.5476073,
              46.9605696
            ],
            [
              9.5472264,
              46.9590282
            ],
            [
              9.5468992,
              46.9585522
            ],
            [
              9.5457995,
              46.9580396
            ],
            [
              9.5445871,
              46.9575453
            ],
            [
              9.5441902,
              46.9569668
            ],
            [
              9.5441794,
              46.9561064
            ],
            [
              9.5443407,
              46.9542419
            ],
            [
              9.5440981,
              46.9534721
            ],
            [
              9.5439706,
              46.9528211
            ],
            [
              9.5443031,
              46.951697
            ],
            [
              9.5443675,
              46.9508548
            ],
            [
              9.544169,
              46.9496464
            ],
            [
              9.5439849,
              46.9487909
            ],
            [
              9.5438681,
              46.9482487
            ],
            [
              9.5428815,
              46.9462443
            ],
            [
              9.5440718,
              46.9441624
            ],
            [
              9.5457745,
              46.9414403
            ],
            [
              9.5460184,
              46.9411655
            ],
            [
              9.5477968,
              46.939029
            ],
            [
              9.5492758,
              46.9375359
            ],
            [
              9.5510123,
              46.9361235
            ],
            [
              9.5533192,
              46.9346655
            ],
            [
              9.5545759,
              46.9339902
            ],
            [
              9.5556004,
              46.9335083
            ],
            [
              9.5564247,
              46.9331318
            ],
            [
              9.5569274,
              46.932836
            ],
            [
              9.5575139,
              46.9325292
            ],
            [
              9.5581184,
              46.9318974
            ],
            [
              9.558331,
              46.9312502
            ],
            [
              9.5584279,
              46.9301277
            ],
            [
              9.5584554,
              46.929281
            ],
            [
              9.558388,
              46.927465
            ],
            [
              9.5571758,
              46.9241122
            ],
            [
              9.5561745,
              46.9203326
            ],
            [
              9.5560016,
              46.9197313
            ],
            [
              9.5558968,
              46.9193666
            ],
            [
              9.5552246,
              46.9168211
            ],
            [
              9.5544843,
              46.9140172
            ],
            [
              9.5543421,
              46.9130619
            ],
            [
              9.5535886,
              46.9127885
            ],
            [
              9.552237,
              46.9124325
            ],
            [
              9.5511047,
              46.9118906
            ],
            [
              9.5502249,
              46.9113226
            ],
            [
              9.5485834,
              46.9103404
            ],
            [
              9.5473661,
              46.9098233
            ],
            [
              9.5467653,
              46.9093689
            ],
            [
              9.5460997,
              46.9088745
            ],
            [
              9.5459226,
              46.9081892
            ],
            [
              9.5444567,
              46.9064765
            ],
            [
              9.5437701,
              46.9060807
            ],
            [
              9.5427401,
              46.9049592
            ],
            [
              9.5422251,
              46.9038157
            ],
            [
              9.5410677,
              46.9017365
            ],
            [
              9.5395644,
              46.8983324
            ],
            [
              9.5393176,
              46.8978192
            ],
            [
              9.5391781,
              46.89757
            ],
            [
              9.5384271,
              46.8970714
            ],
            [
              9.5383451,
              46.8968312
            ],
            [
              9.5384593,
              46.8965729
            ],
            [
              9.5390387,
              46.8958765
            ],
            [
              9.539264,
              46.8951873
            ],
            [
              9.5393869,
              46.8940673
            ],
            [
              9.5394298,
              46.8928429
            ],
            [
              9.5390865,
              46.8918165
            ],
            [
              9.5375415,
              46.889199
            ],
            [
              9.5358431,
              46.8868001
            ],
            [
              9.534148,
              46.8850109
            ],
            [
              9.5337261,
              46.8842708
            ],
            [
              9.5336247,
              46.8841128
            ],
            [
              9.5327301,
              46.8826932
            ],
            [
              9.5322087,
              46.8817451
            ],
            [
              9.5319362,
              46.8808305
            ],
            [
              9.5317193,
              46.8796716
            ],
            [
              9.5316059,
              46.8780822
            ],
            [
              9.5315221,
              46.8769065
            ],
            [
              9.5312512,
              46.8752207
            ],
            [
              9.531073,
              46.8747239
            ],
            [
              9.5307404,
              46.8740931
            ],
            [
              9.5303435,
              46.8735651
            ],
            [
              9.5297016,
              46.8729489
            ],
            [
              9.529076,
              46.8724532
            ],
            [
              9.5288266,
              46.8723192
            ],
            [
              9.5275072,
              46.8716106
            ],
            [
              9.526415,
              46.8711529
            ],
            [
              9.5151868,
              46.8664476
            ],
            [
              9.5118394,
              46.8651742
            ],
            [
              9.5089384,
              46.8640299
            ],
            [
              9.5073672,
              46.8631934
            ],
            [
              9.5049987,
              46.8617587
            ],
            [
              9.5044952,
              46.8614945
            ],
            [
              9.5042606,
              46.8613714
            ],
            [
              9.5020081,
              46.8601989
            ],
            [
              9.5010849,
              46.8597574
            ],
            [
              9.5007818,
              46.859527
            ],
            [
              9.4978098,
              46.8572676
            ],
            [
              9.4966217,
              46.8560305
            ],
            [
              9.4954752,
              46.8548201
            ],
            [
              9.4944931,
              46.8536298
            ],
            [
              9.493072,
              46.8520613
            ],
            [
              9.4929908,
              46.851977
            ],
            [
              9.4907695,
              46.8496709
            ],
            [
              9.4905831,
              46.8494594
            ],
            [
              9.4883255,
              46.8470248
            ],
            [
              9.4874786,
              46.8464322
            ],
            [
              9.4866996,
              46.8458872
            ],
            [
              9.485124,
              46.8451051
            ],
            [
              9.4841814,
              46.844735
            ],
            [
              9.4838415,
              46.8446015
            ],
            [
              9.4821715,
              46.8441952
            ],
            [
              9.4801164,
              46.8438501
            ],
            [
              9.4780344,
              46.8435788
            ],
            [
              9.4767948,
              46.8434215
            ],
            [
              9.4748722,
              46.8432454
            ],
            [
              9.4729618,
              46.8429917
            ],
            [
              9.4718938,
              46.8427464
            ],
            [
              9.4706321,
              46.8423119
            ],
            [
              9.4682289,
              46.84149
            ],
            [
              9.4649861,
              46.8403436
            ],
            [
              9.4638773,
              46.8399753
            ],
            [
              9.46271,
              46.8395467
            ],
            [
              9.4614554,
              46.8390169
            ],
            [
              9.4592882,
              46.8383857
            ],
            [
              9.4580651,
              46.8381582
            ],
            [
              9.4565523,
              46.8380628
            ],
            [
              9.4550288,
              46.8381509
            ],
            [
              9.451381,
              46.8384665
            ],
            [
              9.4498126,
              46.8384681
            ],
            [
              9.4484728,
              46.8382175
            ],
            [
              9.4440661,
              46.8388189
            ],
            [
              9.4416701,
              46.8390866
            ],
            [
              9.4395403,
              46.8391043
            ],
            [
              9.4382032,
              46.8386124
            ],
            [
              9.4363863,
              46.8373953
            ],
            [
              9.4359361,
              46.8364247
            ],
            [
              9.435529,
              46.8357575
            ],
            [
              9.4353021,
              46.8353102
            ],
            [
              9.4345592,
              46.8347031
            ],
            [
              9.4337245,
              46.8341051
            ],
            [
              9.4332926,
              46.833832
            ],
            [
              9.4323497,
              46.833559
            ],
            [
              9.4314802,
              46.8334217
            ],
            [
              9.4304709,
              46.8332908
            ],
            [
              9.4294149,
              46.8333117
            ],
            [
              9.4265047,
              46.833039
            ],
            [
              9.4234788,
              46.8319406
            ],
            [
              9.4220349,
              46.8313484
            ],
            [
              9.4204412,
              46.8308827
            ],
            [
              9.4189333,
              46.8304943
            ],
            [
              9.4177786,
              46.8302748
            ],
            [
              9.4166408,
              46.8299589
            ],
            [
              9.4161598,
              46.8296679
            ],
            [
              9.41561,
              46.8290621
            ],
            [
              9.4146354,
              46.8268765
            ],
            [
              9.4136655,
              46.8254536
            ],
            [
              9.4119324,
              46.824556
            ],
            [
              9.4106128,
              46.8240421
            ],
            [
              9.4089568,
              46.8235347
            ],
            [
              9.4078086,
              46.8234499
            ],
            [
              9.4076321,
              46.8237102
            ],
            [
              9.4075472,
              46.8247556
            ],
            [
              9.4070974,
              46.825137
            ],
            [
              9.4063548,
              46.8253789
            ],
            [
              9.4057506,
              46.8254815
            ],
            [
              9.4050291,
              46.8255276
            ],
            [
              9.4042772,
              46.8255377
            ],
            [
              9.4036724,
              46.8255378
            ],
            [
              9.4034472,
              46.8255252
            ],
            [
              9.403189,
              46.8254836
            ],
            [
              9.4026766,
              46.8253133
            ],
            [
              9.4011859,
              46.8249283
            ],
            [
              9.3994072,
              46.8243786
            ],
            [
              9.3980725,
              46.8240445
            ],
            [
              9.3965768,
              46.823776
            ],
            [
              9.3953429,
              46.823514
            ],
            [
              9.3936154,
              46.8230568
            ],
            [
              9.3924898,
              46.8227892
            ],
            [
              9.3918595,
              46.8227286
            ],
            [
              9.3912609,
              46.8227295
            ],
            [
              9.3900035,
              46.8228004
            ],
            [
              9.3890022,
              46.8229055
            ],
            [
              9.3875947,
              46.8229878
            ],
            [
              9.3866673,
              46.8229995
            ],
            [
              9.3859881,
              46.8229434
            ],
            [
              9.3854291,
              46.8228522
            ],
            [
              9.3844512,
              46.822569
            ],
            [
              9.3840945,
              46.8225469
            ],
            [
              9.3835419,
              46.8225847
            ],
            [
              9.3821698,
              46.8227124
            ],
            [
              9.3814793,
              46.822769
            ],
            [
              9.3806712,
              46.8227732
            ],
            [
              9.3798953,
              46.822676
            ],
            [
              9.3794785,
              46.8225774
            ],
            [
              9.3790679,
              46.8224228
            ],
            [
              9.3788373,
              46.8222698
            ],
            [
              9.3786559,
              46.8219888
            ],
            [
              9.3785742,
              46.8217495
            ],
            [
              9.3785168,
              46.8215394
            ],
            [
              9.378345,
              46.8213919
            ],
            [
              9.3780622,
              46.8213356
            ],
            [
              9.3777559,
              46.8213611
            ],
            [
              9.377132,
              46.821591
            ],
            [
              9.3766525,
              46.8219138
            ],
            [
              9.3761856,
              46.8224566
            ],
            [
              9.3760157,
              46.8228626
            ],
            [
              9.3759781,
              46.8234701
            ],
            [
              9.3758728,
              46.8237163
            ],
            [
              9.3756172,
              46.8238979
            ],
            [
              9.3752562,
              46.823969
            ],
            [
              9.3748462,
              46.8239436
            ],
            [
              9.3745002,
              46.8238602
            ],
            [
              9.3742427,
              46.8237197
            ],
            [
              9.3739343,
              46.8234903
            ],
            [
              9.373622,
              46.8232674
            ],
            [
              9.373261,
              46.8231434
            ],
            [
              9.3728614,
              46.8230682
            ],
            [
              9.3721721,
              46.8230058
            ],
            [
              9.3707608,
              46.8229755
            ],
            [
              9.3703803,
              46.8229287
            ],
            [
              9.3699887,
              46.8227892
            ],
            [
              9.3695669,
              46.822575
            ],
            [
              9.3669204,
              46.8205684
            ],
            [
              9.3662631,
              46.8201995
            ],
            [
              9.365024,
              46.8197351
            ],
            [
              9.3643588,
              46.8194103
            ],
            [
              9.3635498,
              46.8188463
            ],
            [
              9.3623182,
              46.8177398
            ],
            [
              9.3622559,
              46.8172132
            ],
            [
              9.3622827,
              46.8168167
            ],
            [
              9.3621086,
              46.8164905
            ],
            [
              9.3614148,
              46.8160651
            ],
            [
              9.36017,
              46.8156973
            ],
            [
              9.3589852,
              46.8156812
            ],
            [
              9.3577489,
              46.8159823
            ],
            [
              9.3560562,
              46.8167967
            ],
            [
              9.3550408,
              46.8170223
            ],
            [
              9.3543341,
              46.816978
            ],
            [
              9.3533843,
              46.8167926
            ],
            [
              9.352482,
              46.8164827
            ],
            [
              9.3515222,
              46.8160354
            ],
            [
              9.3506829,
              46.8153279
            ],
            [
              9.349799,
              46.8146733
            ],
            [
              9.3484618,
              46.8135557
            ],
            [
              9.3462285,
              46.8119843
            ],
            [
              9.3444836,
              46.8109244
            ],
            [
              9.3434941,
              46.8101968
            ],
            [
              9.3426436,
              46.8091804
            ],
            [
              9.3420317,
              46.8079475
            ],
            [
              9.3416136,
              46.8074511
            ],
            [
              9.3414043,
              46.8073025
            ],
            [
              9.3411738,
              46.807139
            ],
            [
              9.3404188,
              46.8068968
            ],
            [
              9.3392615,
              46.8067954
            ],
            [
              9.3367006,
              46.8069068
            ],
            [
              9.3349265,
              46.806861
            ],
            [
              9.3330676,
              46.8068518
            ],
            [
              9.3321006,
              46.8065779
            ],
            [
              9.3304759,
              46.8047999
            ],
            [
              9.3297529,
              46.8043043
            ],
            [
              9.3291533,
              46.8040913
            ],
            [
              9.3283004,
              46.8039337
            ],
            [
              9.32751,
              46.8037934
            ],
            [
              9.3270117,
              46.803805
            ],
            [
              9.3264916,
              46.8038919
            ],
            [
              9.3259399,
              46.8040607
            ],
            [
              9.3256652,
              46.8041611
            ],
            [
              9.3254346,
              46.80433
            ],
            [
              9.3251389,
              46.804682
            ],
            [
              9.3247516,
              46.8054216
            ],
            [
              9.3244008,
              46.8062902
            ],
            [
              9.3236262,
              46.807679
            ],
            [
              9.3235776,
              46.8077661
            ],
            [
              9.323144,
              46.8084057
            ],
            [
              9.3224968,
              46.8089323
            ],
            [
              9.3222524,
              46.8090631
            ],
            [
              9.3220094,
              46.8091712
            ],
            [
              9.3218109,
              46.8092208
            ],
            [
              9.3215932,
              46.8092446
            ],
            [
              9.3208979,
              46.8092195
            ],
            [
              9.3208399,
              46.8092174
            ],
            [
              9.3203344,
              46.8091808
            ],
            [
              9.3202151,
              46.8091549
            ],
            [
              9.3200586,
              46.8091035
            ],
            [
              9.3198982,
              46.8090156
            ],
            [
              9.3198029,
              46.8089246
            ],
            [
              9.3197268,
              46.808801
            ],
            [
              9.3196893,
              46.8086334
            ],
            [
              9.3196808,
              46.8084654
            ],
            [
              9.3196957,
              46.808332
            ],
            [
              9.3197301,
              46.8082081
            ],
            [
              9.3197821,
              46.8080735
            ],
            [
              9.3198783,
              46.8078984
            ],
            [
              9.320021,
              46.8077257
            ],
            [
              9.3202725,
              46.80743
            ],
            [
              9.3204972,
              46.8071987
            ],
            [
              9.3208638,
              46.8068823
            ],
            [
              9.32102,
              46.8067323
            ],
            [
              9.3210938,
              46.8066334
            ],
            [
              9.3211106,
              46.806572
            ],
            [
              9.3211135,
              46.8065058
            ],
            [
              9.3210911,
              46.8064286
            ],
            [
              9.321025,
              46.8063486
            ],
            [
              9.3209268,
              46.8062892
            ],
            [
              9.3208103,
              46.8062487
            ],
            [
              9.3207112,
              46.8062247
            ],
            [
              9.3204984,
              46.8062014
            ],
            [
              9.3202418,
              46.8061733
            ],
            [
              9.3170987,
              46.8058539
            ],
            [
              9.3167881,
              46.8058452
            ],
            [
              9.3164706,
              46.8058649
            ],
            [
              9.3161756,
              46.8059044
            ],
            [
              9.3158667,
              46.8059724
            ],
            [
              9.3155833,
              46.8060593
            ],
            [
              9.3154376,
              46.8061219
            ],
            [
              9.3153407,
              46.8061787
            ],
            [
              9.3152661,
              46.8062541
            ],
            [
              9.3152243,
              46.8063253
            ],
            [
              9.3152007,
              46.8064026
            ],
            [
              9.3151908,
              46.806484
            ],
            [
              9.3151933,
              46.806569
            ],
            [
              9.3152241,
              46.8066971
            ],
            [
              9.3152743,
              46.8067979
            ],
            [
              9.315352,
              46.8068893
            ],
            [
              9.315472,
              46.8069901
            ],
            [
              9.3156313,
              46.8070909
            ],
            [
              9.3156941,
              46.807143
            ],
            [
              9.3157411,
              46.8071977
            ],
            [
              9.3157852,
              46.8072832
            ],
            [
              9.3158104,
              46.8073617
            ],
            [
              9.3158278,
              46.8075079
            ],
            [
              9.3158145,
              46.8076105
            ],
            [
              9.3157804,
              46.8076941
            ],
            [
              9.3157289,
              46.8077778
            ],
            [
              9.315656,
              46.8078586
            ],
            [
              9.3154962,
              46.80795
            ],
            [
              9.3153226,
              46.8080367
            ],
            [
              9.3150153,
              46.8081535
            ],
            [
              9.3146734,
              46.8082608
            ],
            [
              9.3138555,
              46.8084957
            ],
            [
              9.3136027,
              46.8085382
            ],
            [
              9.3126685,
              46.8086276
            ],
            [
              9.3120317,
              46.8086824
            ],
            [
              9.3113949,
              46.8087902
            ],
            [
              9.3112863,
              46.8088074
            ],
            [
              9.3110995,
              46.8088494
            ],
            [
              9.3106991,
              46.8089802
            ],
            [
              9.3105737,
              46.8090119
            ],
            [
              9.3104329,
              46.8090261
            ],
            [
              9.3102908,
              46.8090216
            ],
            [
              9.3101573,
              46.8090043
            ],
            [
              9.3100431,
              46.8089788
            ],
            [
              9.3099016,
              46.8089265
            ],
            [
              9.3097484,
              46.8088475
            ],
            [
              9.3070638,
              46.8070221
            ],
            [
              9.3065464,
              46.8067241
            ],
            [
              9.3060004,
              46.8065989
            ],
            [
              9.3057042,
              46.8065772
            ],
            [
              9.3053394,
              46.8065835
            ],
            [
              9.305082,
              46.8066543
            ],
            [
              9.3047115,
              46.8068212
            ],
            [
              9.3040745,
              46.8070751
            ],
            [
              9.3038516,
              46.8071186
            ],
            [
              9.3034673,
              46.8071316
            ],
            [
              9.3031604,
              46.8070552
            ],
            [
              9.3021785,
              46.8065547
            ],
            [
              9.301348,
              46.8061065
            ],
            [
              9.3007593,
              46.8056278
            ],
            [
              9.3003291,
              46.8049873
            ],
            [
              9.299916,
              46.8039618
            ],
            [
              9.2996371,
              46.8029274
            ],
            [
              9.2997016,
              46.8023194
            ],
            [
              9.3005967,
              46.8006317
            ],
            [
              9.3012497,
              46.7990825
            ],
            [
              9.301123,
              46.7982343
            ],
            [
              9.3007071,
              46.7971644
            ],
            [
              9.2999596,
              46.7960362
            ],
            [
              9.2997102,
              46.7956599
            ],
            [
              9.2988262,
              46.7946894
            ],
            [
              9.298304,
              46.7943507
            ],
            [
              9.2977,
              46.7941549
            ],
            [
              9.29692,
              46.794134
            ],
            [
              9.2961647,
              46.7943022
            ],
            [
              9.2941079,
              46.7951941
            ],
            [
              9.2929041,
              46.7956057
            ],
            [
              9.2907485,
              46.7963465
            ],
            [
              9.2904382,
              46.7964281
            ],
            [
              9.2899993,
              46.7964877
            ],
            [
              9.2890695,
              46.7965422
            ],
            [
              9.2886131,
              46.7965282
            ],
            [
              9.2882026,
              46.7964639
            ],
            [
              9.2880125,
              46.7964173
            ],
            [
              9.287843,
              46.7963377
            ],
            [
              9.2876505,
              46.7961738
            ],
            [
              9.287458,
              46.7960445
            ],
            [
              9.2872248,
              46.7959556
            ],
            [
              9.2869227,
              46.7959076
            ],
            [
              9.2865814,
              46.7959296
            ],
            [
              9.2862861,
              46.7960081
            ],
            [
              9.2853382,
              46.7964474
            ],
            [
              9.2846237,
              46.7966901
            ],
            [
              9.2837042,
              46.7970025
            ],
            [
              9.2824727,
              46.7970809
            ],
            [
              9.2814135,
              46.7969271
            ],
            [
              9.2805978,
              46.7965414
            ],
            [
              9.2775838,
              46.7933454
            ],
            [
              9.2758618,
              46.7924214
            ],
            [
              9.2748326,
              46.7919929
            ],
            [
              9.2730107,
              46.791265
            ],
            [
              9.2714792,
              46.790714
            ],
            [
              9.2693055,
              46.7901625
            ],
            [
              9.2685742,
              46.7898108
            ],
            [
              9.2672483,
              46.7889114
            ],
            [
              9.2661062,
              46.7885725
            ],
            [
              9.2648305,
              46.7885564
            ],
            [
              9.2636564,
              46.7880511
            ],
            [
              9.2622627,
              46.7864946
            ],
            [
              9.2613391,
              46.7859541
            ],
            [
              9.260363,
              46.7852488
            ],
            [
              9.2602808,
              46.7850974
            ],
            [
              9.2598813,
              46.7843613
            ],
            [
              9.2597016,
              46.7837306
            ],
            [
              9.2588817,
              46.78334
            ],
            [
              9.2584423,
              46.7831668
            ],
            [
              9.2578304,
              46.7830766
            ],
            [
              9.2572052,
              46.7830888
            ],
            [
              9.2562671,
              46.7829301
            ],
            [
              9.2556799,
              46.7826855
            ],
            [
              9.2545843,
              46.7825949
            ],
            [
              9.2536834,
              46.7827186
            ],
            [
              9.2512709,
              46.7832539
            ],
            [
              9.2497771,
              46.7831501
            ],
            [
              9.2483779,
              46.7832516
            ],
            [
              9.2475095,
              46.7837319
            ],
            [
              9.2467316,
              46.7843159
            ],
            [
              9.2457748,
              46.7848539
            ],
            [
              9.2429516,
              46.7855863
            ],
            [
              9.2423006,
              46.785938
            ],
            [
              9.2409579,
              46.7859269
            ],
            [
              9.2386099,
              46.7854768
            ],
            [
              9.238428,
              46.7853105
            ],
            [
              9.2378225,
              46.7834399
            ],
            [
              9.2371778,
              46.7830595
            ],
            [
              9.2363768,
              46.7818553
            ],
            [
              9.2358604,
              46.7815586
            ],
            [
              9.2342879,
              46.7808449
            ],
            [
              9.2327716,
              46.7802105
            ],
            [
              9.2306544,
              46.7798506
            ],
            [
              9.2292987,
              46.7792618
            ],
            [
              9.2274446,
              46.7787638
            ],
            [
              9.2240943,
              46.777848
            ],
            [
              9.2217866,
              46.777749
            ],
            [
              9.2181939,
              46.7778029
            ],
            [
              9.21476,
              46.7775017
            ],
            [
              9.2135664,
              46.7771516
            ],
            [
              9.2124442,
              46.7770044
            ],
            [
              9.210247,
              46.77687
            ],
            [
              9.2073947,
              46.7763908
            ],
            [
              9.2042956,
              46.7755852
            ],
            [
              9.2041468,
              46.7755465
            ],
            [
              9.196405,
              46.7739732
            ],
            [
              9.1960387,
              46.7738743
            ],
            [
              9.1945946,
              46.7734846
            ],
            [
              9.1866725,
              46.7707252
            ],
            [
              9.1850516,
              46.7703604
            ],
            [
              9.1847995,
              46.7703036
            ],
            [
              9.1805648,
              46.770684
            ],
            [
              9.1780333,
              46.7711781
            ],
            [
              9.1755684,
              46.772166
            ],
            [
              9.1754106,
              46.7724704
            ],
            [
              9.1740712,
              46.7730934
            ],
            [
              9.1705709,
              46.7745105
            ],
            [
              9.1696785,
              46.7748876
            ],
            [
              9.1671787,
              46.7756209
            ],
            [
              9.1628503,
              46.7757033
            ],
            [
              9.1596651,
              46.775382
            ],
            [
              9.1589612,
              46.775443
            ],
            [
              9.1583949,
              46.7756452
            ],
            [
              9.1575535,
              46.7761134
            ],
            [
              9.156979,
              46.7762963
            ],
            [
              9.1566756,
              46.7763018
            ],
            [
              9.1556926,
              46.7761356
            ],
            [
              9.1540583,
              46.7758475
            ],
            [
              9.1482977,
              46.7742771
            ],
            [
              9.1478348,
              46.7741734
            ],
            [
              9.1473627,
              46.7741036
            ],
            [
              9.1468531,
              46.7740687
            ],
            [
              9.1438642,
              46.7740056
            ],
            [
              9.1427908,
              46.7737976
            ],
            [
              9.1414215,
              46.7735322
            ],
            [
              9.1406974,
              46.7734203
            ],
            [
              9.1399587,
              46.7733392
            ],
            [
              9.1381062,
              46.773245
            ],
            [
              9.1327596,
              46.7745365
            ],
            [
              9.1318879,
              46.7745729
            ],
            [
              9.1311622,
              46.7744817
            ],
            [
              9.1297928,
              46.7741301
            ],
            [
              9.1277469,
              46.7735799
            ],
            [
              9.118014,
              46.7709626
            ],
            [
              9.1167809,
              46.7703728
            ],
            [
              9.1078369,
              46.7658295
            ],
            [
              9.1070357,
              46.7656515
            ],
            [
              9.1045137,
              46.7654438
            ],
            [
              9.1034012,
              46.7651652
            ],
            [
              9.1029054,
              46.7649969
            ],
            [
              9.102307,
              46.7647147
            ],
            [
              9.1016831,
              46.7643586
            ],
            [
              9.0966509,
              46.7610525
            ],
            [
              9.0955828,
              46.7604887
            ],
            [
              9.0902907,
              46.7590765
            ],
            [
              9.0895367,
              46.7588753
            ],
            [
              9.0886756,
              46.7585525
            ],
            [
              9.0880402,
              46.7580921
            ],
            [
              9.0870079,
              46.7576106
            ],
            [
              9.0861904,
              46.7572805
            ],
            [
              9.0831455,
              46.7574015
            ],
            [
              9.0809686,
              46.7572479
            ],
            [
              9.0786272,
              46.7569095
            ],
            [
              9.0768725,
              46.7565323
            ],
            [
              9.0724676,
              46.7552948
            ],
            [
              9.070471,
              46.7549987
            ],
            [
              9.0687439,
              46.7554894
            ],
            [
              9.0676624,
              46.7558897
            ],
            [
              9.066214,
              46.7565302
            ],
            [
              9.0659071,
              46.7566542
            ],
            [
              9.0655435,
              46.7567782
            ],
            [
              9.0651339,
              46.7568709
            ],
            [
              9.0644285,
              46.7569367
            ],
            [
              9.0636778,
              46.7569637
            ],
            [
              9.0632002,
              46.7569344
            ],
            [
              9.0627225,
              46.7568817
            ],
            [
              9.0623852,
              46.7568024
            ],
            [
              9.0621268,
              46.7566878
            ],
            [
              9.061891,
              46.7565032
            ],
            [
              9.0617256,
              46.7562894
            ],
            [
              9.061123,
              46.7552783
            ],
            [
              9.0609349,
              46.7550273
            ],
            [
              9.0605994,
              46.7547375
            ],
            [
              9.0598143,
              46.7541791
            ],
            [
              9.0590374,
              46.7536265
            ],
            [
              9.058369,
              46.7533775
            ],
            [
              9.0573642,
              46.753313
            ],
            [
              9.0559986,
              46.753225
            ],
            [
              9.0535391,
              46.7527149
            ],
            [
              9.0479016,
              46.7520918
            ],
            [
              9.0459563,
              46.7515191
            ],
            [
              9.043985,
              46.7505786
            ],
            [
              9.0426498,
              46.7502226
            ],
            [
              9.0394591,
              46.7499295
            ],
            [
              9.0386312,
              46.7497756
            ],
            [
              9.0385742,
              46.749766
            ],
            [
              9.0377162,
              46.7496243
            ],
            [
              9.0363003,
              46.7489467
            ],
            [
              9.0344013,
              46.7481753
            ],
            [
              9.0331021,
              46.7473008
            ],
            [
              9.0328584,
              46.7471368
            ],
            [
              9.0309308,
              46.7465664
            ],
            [
              9.0283534,
              46.7462541
            ],
            [
              9.0247051,
              46.7461358
            ],
            [
              9.0229822,
              46.7459544
            ],
            [
              9.0201308,
              46.7457043
            ],
            [
              9.0148285,
              46.7450376
            ],
            [
              9.0135385,
              46.7449013
            ],
            [
              9.0113867,
              46.7449886
            ],
            [
              9.0086295,
              46.7455164
            ],
            [
              9.0073118,
              46.7452082
            ],
            [
              9.0068327,
              46.7449956
            ],
            [
              9.0061345,
              46.7448331
            ],
            [
              9.0053462,
              46.7446496
            ],
            [
              9.0048692,
              46.7445998
            ],
            [
              9.0046336,
              46.7445752
            ],
            [
              9.0039352,
              46.7446399
            ],
            [
              9.0032131,
              46.7447628
            ],
            [
              9.0030209,
              46.7447834
            ],
            [
              9.0027514,
              46.7447788
            ],
            [
              9.0024604,
              46.7447382
            ],
            [
              9.0019295,
              46.7446043
            ],
            [
              9.0017567,
              46.7445268
            ],
            [
              9.0016611,
              46.7444548
            ],
            [
              9.0016042,
              46.7443749
            ],
            [
              9.0014038,
              46.7435446
            ],
            [
              9.0013864,
              46.743209
            ],
            [
              8.9997534,
              46.7413236
            ],
            [
              8.9967773,
              46.7402728
            ],
            [
              8.9929686,
              46.739002
            ],
            [
              8.9902398,
              46.7386224
            ],
            [
              8.9886939,
              46.7386224
            ],
            [
              8.9875438,
              46.7384867
            ],
            [
              8.9857377,
              46.7380225
            ],
            [
              8.9843272,
              46.7375768
            ],
            [
              8.9826615,
              46.7366787
            ],
            [
              8.9813925,
              46.736643
            ],
            [
              8.9762986,
              46.7363536
            ],
            [
              8.9731687,
              46.7351932
            ],
            [
              8.969371,
              46.7331853
            ],
            [
              8.9689667,
              46.7328755
            ],
            [
              8.9687076,
              46.7326264
            ],
            [
              8.9673583,
              46.7309634
            ],
            [
              8.9669515,
              46.7302845
            ],
            [
              8.9657134,
              46.7292299
            ],
            [
              8.9649262,
              46.7289012
            ],
            [
              8.9637232,
              46.7286803
            ],
            [
              8.9631778,
              46.728694
            ],
            [
              8.9624704,
              46.7289219
            ],
            [
              8.9612678,
              46.7291885
            ],
            [
              8.9607827,
              46.7291388
            ],
            [
              8.9599003,
              46.7287963
            ],
            [
              8.9589238,
              46.7282932
            ],
            [
              8.9572425,
              46.727956
            ],
            [
              8.9564329,
              46.7277929
            ],
            [
              8.955861,
              46.727557
            ],
            [
              8.9551697,
              46.7271077
            ],
            [
              8.9542637,
              46.7264569
            ],
            [
              8.9535284,
              46.7260487
            ],
            [
              8.9523333,
              46.7255479
            ],
            [
              8.9510424,
              46.7252172
            ],
            [
              8.948537,
              46.7245956
            ],
            [
              8.9442178,
              46.7237871
            ],
            [
              8.9425006,
              46.7236267
            ],
            [
              8.9405093,
              46.7234788
            ],
            [
              8.9384861,
              46.7235588
            ],
            [
              8.9368697,
              46.7235392
            ],
            [
              8.9358016,
              46.7233551
            ],
            [
              8.9344398,
              46.7228265
            ],
            [
              8.9335019,
              46.7226684
            ],
            [
              8.932116,
              46.7223537
            ],
            [
              8.9312985,
              46.7220501
            ],
            [
              8.930691,
              46.7219032
            ],
            [
              8.9303617,
              46.7218566
            ],
            [
              8.929799,
              46.7220092
            ],
            [
              8.9294302,
              46.7220284
            ],
            [
              8.9290053,
              46.7219682
            ],
            [
              8.9284715,
              46.7216264
            ],
            [
              8.9278113,
              46.7209836
            ],
            [
              8.9270738,
              46.7205117
            ],
            [
              8.9269284,
              46.7204379
            ],
            [
              8.9267245,
              46.7203661
            ],
            [
              8.9262568,
              46.7202392
            ],
            [
              8.9260695,
              46.7202011
            ],
            [
              8.9246564,
              46.7200824
            ],
            [
              8.9238077,
              46.7202708
            ],
            [
              8.9232418,
              46.7205545
            ],
            [
              8.9223255,
              46.7209657
            ],
            [
              8.921162,
              46.7212165
            ],
            [
              8.9199948,
              46.721345
            ],
            [
              8.918974,
              46.7213287
            ],
            [
              8.9187817,
              46.7213256
            ],
            [
              8.9176817,
              46.7214081
            ],
            [
              8.9172042,
              46.7215196
            ],
            [
              8.9167762,
              46.7217281
            ],
            [
              8.9155316,
              46.7219027
            ],
            [
              8.9141963,
              46.722088
            ],
            [
              8.9135965,
              46.7220991
            ],
            [
              8.912595,
              46.7222926
            ],
            [
              8.9118916,
              46.7222131
            ],
            [
              8.910783,
              46.7220498
            ],
            [
              8.909437,
              46.721893
            ],
            [
              8.9081646,
              46.7217858
            ],
            [
              8.9075447,
              46.7215875
            ],
            [
              8.9072743,
              46.7214824
            ],
            [
              8.9068308,
              46.721268
            ],
            [
              8.9064093,
              46.7210443
            ],
            [
              8.9060845,
              46.720902
            ],
            [
              8.9058625,
              46.7208525
            ],
            [
              8.9057175,
              46.7208388
            ],
            [
              8.9053524,
              46.720881
            ],
            [
              8.9047225,
              46.7209504
            ],
            [
              8.9043711,
              46.7209152
            ],
            [
              8.9035691,
              46.7207218
            ],
            [
              8.9025816,
              46.7205707
            ],
            [
              8.9018325,
              46.7203824
            ],
            [
              8.901238,
              46.7203261
            ],
            [
              8.9004281,
              46.7202432
            ],
            [
              8.8998711,
              46.7201599
            ],
            [
              8.8994302,
              46.7200074
            ],
            [
              8.8990465,
              46.7198257
            ],
            [
              8.8986277,
              46.7196118
            ],
            [
              8.8983376,
              46.7193759
            ],
            [
              8.8980792,
              46.7190585
            ],
            [
              8.8977475,
              46.7184556
            ],
            [
              8.8971457,
              46.7176539
            ],
            [
              8.8966432,
              46.7172869
            ],
            [
              8.896005,
              46.716998
            ],
            [
              8.8950689,
              46.7167648
            ],
            [
              8.8940003,
              46.7165199
            ],
            [
              8.8933261,
              46.7162984
            ],
            [
              8.8911704,
              46.7152149
            ],
            [
              8.8875562,
              46.7139724
            ],
            [
              8.88619,
              46.7134112
            ],
            [
              8.8842012,
              46.7132113
            ],
            [
              8.881744,
              46.7130783
            ],
            [
              8.8813783,
              46.7129477
            ],
            [
              8.8811573,
              46.712676
            ],
            [
              8.8806467,
              46.7119758
            ],
            [
              8.8801132,
              46.7117145
            ],
            [
              8.879456,
              46.7111189
            ],
            [
              8.8790553,
              46.7105648
            ],
            [
              8.8787027,
              46.7100772
            ],
            [
              8.8772737,
              46.7091623
            ],
            [
              8.8768175,
              46.7090154
            ],
            [
              8.8758118,
              46.7089249
            ],
            [
              8.8745423,
              46.7089061
            ],
            [
              8.8740807,
              46.7088496
            ],
            [
              8.8737564,
              46.7086536
            ],
            [
              8.8731739,
              46.7080092
            ],
            [
              8.8728112,
              46.70767
            ],
            [
              8.8720308,
              46.7072517
            ],
            [
              8.8714427,
              46.7070143
            ],
            [
              8.8701677,
              46.706856
            ],
            [
              8.8698585,
              46.7067761
            ],
            [
              8.8696347,
              46.7066488
            ],
            [
              8.8692939,
              46.7063284
            ],
            [
              8.8690246,
              46.7056689
            ],
            [
              8.8689185,
              46.7052176
            ],
            [
              8.8688899,
              46.7051375
            ],
            [
              8.868841,
              46.7050602
            ],
            [
              8.8687025,
              46.704932
            ],
            [
              8.8685618,
              46.704829
            ],
            [
              8.86826,
              46.7046787
            ],
            [
              8.8673367,
              46.7043778
            ],
            [
              8.8659541,
              46.70408
            ],
            [
              8.8655266,
              46.7039993
            ],
            [
              8.8651151,
              46.7037571
            ],
            [
              8.8649168,
              46.7035936
            ],
            [
              8.8643417,
              46.702946
            ],
            [
              8.8641679,
              46.7028015
            ],
            [
              8.8638408,
              46.7025559
            ],
            [
              8.8635833,
              46.702358
            ],
            [
              8.8633156,
              46.701997
            ],
            [
              8.8631955,
              46.7017484
            ],
            [
              8.8630325,
              46.7013385
            ],
            [
              8.8630191,
              46.7009172
            ],
            [
              8.8631022,
              46.7005614
            ],
            [
              8.8630379,
              46.7001429
            ],
            [
              8.8627872,
              46.6997424
            ],
            [
              8.8625327,
              46.6993358
            ],
            [
              8.8623506,
              46.699155
            ],
            [
              8.8620448,
              46.69897
            ],
            [
              8.8615755,
              46.6988712
            ],
            [
              8.8612711,
              46.6987565
            ],
            [
              8.8604705,
              46.6985816
            ],
            [
              8.8581428,
              46.6982138
            ],
            [
              8.8563692,
              46.6978886
            ],
            [
              8.8559216,
              46.6977397
            ],
            [
              8.8556371,
              46.6975795
            ],
            [
              8.8554292,
              46.6974036
            ],
            [
              8.8552975,
              46.6972127
            ],
            [
              8.8551428,
              46.6969238
            ],
            [
              8.8550702,
              46.6962055
            ],
            [
              8.8546475,
              46.6958345
            ],
            [
              8.854429,
              46.695607
            ],
            [
              8.8543395,
              46.6954777
            ],
            [
              8.8543013,
              46.6952582
            ],
            [
              8.8542533,
              46.6951425
            ],
            [
              8.854179,
              46.6950778
            ],
            [
              8.853976,
              46.6949824
            ],
            [
              8.8533954,
              46.6947852
            ],
            [
              8.8533092,
              46.6947099
            ],
            [
              8.8532292,
              46.6945924
            ],
            [
              8.8530629,
              46.6940995
            ],
            [
              8.8529366,
              46.6939677
            ],
            [
              8.8527145,
              46.6938913
            ],
            [
              8.8516235,
              46.6940136
            ],
            [
              8.8514445,
              46.6939592
            ],
            [
              8.850695,
              46.6936894
            ],
            [
              8.8505759,
              46.6936571
            ],
            [
              8.850435,
              46.6936285
            ],
            [
              8.8495265,
              46.6936207
            ],
            [
              8.8491754,
              46.6935149
            ],
            [
              8.8489709,
              46.693448
            ],
            [
              8.8487688,
              46.693344
            ],
            [
              8.8485394,
              46.6931901
            ],
            [
              8.8484533,
              46.6931085
            ],
            [
              8.8483835,
              46.693094
            ],
            [
              8.8481238,
              46.6931091
            ],
            [
              8.8478866,
              46.6931682
            ],
            [
              8.8476765,
              46.6932497
            ],
            [
              8.8475511,
              46.6933469
            ],
            [
              8.8473832,
              46.6936059
            ],
            [
              8.8472084,
              46.6937912
            ],
            [
              8.8470014,
              46.6939544
            ],
            [
              8.8468808,
              46.6940159
            ],
            [
              8.8467632,
              46.6940639
            ],
            [
              8.8465973,
              46.6940862
            ],
            [
              8.8453315,
              46.6940309
            ],
            [
              8.8449973,
              46.6940003
            ],
            [
              8.8445818,
              46.6939118
            ],
            [
              8.8442026,
              46.6937864
            ],
            [
              8.8440686,
              46.6937099
            ],
            [
              8.8439768,
              46.6935813
            ],
            [
              8.8435223,
              46.6929733
            ],
            [
              8.8433389,
              46.6928262
            ],
            [
              8.8423738,
              46.6924405
            ],
            [
              8.8422727,
              46.69244
            ],
            [
              8.8421501,
              46.6924689
            ],
            [
              8.8417071,
              46.6926526
            ],
            [
              8.8415737,
              46.6926673
            ],
            [
              8.8414248,
              46.6926
            ],
            [
              8.8413723,
              46.6924834
            ],
            [
              8.8413915,
              46.6923554
            ],
            [
              8.8421349,
              46.6913219
            ],
            [
              8.8420825,
              46.6909379
            ],
            [
              8.8419587,
              46.690834
            ],
            [
              8.8418795,
              46.69075
            ],
            [
              8.8418312,
              46.6904545
            ],
            [
              8.841748,
              46.6903596
            ],
            [
              8.8415132,
              46.6902782
            ],
            [
              8.8411945,
              46.6901343
            ],
            [
              8.8410753,
              46.6899703
            ],
            [
              8.8410332,
              46.6898454
            ],
            [
              8.8410838,
              46.6897493
            ],
            [
              8.841716,
              46.6892997
            ],
            [
              8.8418088,
              46.6891594
            ],
            [
              8.8418214,
              46.6890867
            ],
            [
              8.8418046,
              46.6890054
            ],
            [
              8.8416689,
              46.6887276
            ],
            [
              8.8416345,
              46.6885169
            ],
            [
              8.8414982,
              46.6883791
            ],
            [
              8.8409624,
              46.687977
            ],
            [
              8.8402311,
              46.6874504
            ],
            [
              8.8382869,
              46.6860486
            ],
            [
              8.8378864,
              46.6856997
            ],
            [
              8.8376978,
              46.6855764
            ],
            [
              8.8375737,
              46.6854311
            ],
            [
              8.8374573,
              46.6849991
            ],
            [
              8.8371302,
              46.6844256
            ],
            [
              8.8370527,
              46.6842946
            ],
            [
              8.8363252,
              46.6837136
            ],
            [
              8.8357664,
              46.6830488
            ],
            [
              8.8355839,
              46.6828947
            ],
            [
              8.8353766,
              46.682778
            ],
            [
              8.8350419,
              46.6826734
            ],
            [
              8.834793,
              46.6825504
            ],
            [
              8.8346508,
              46.6823902
            ],
            [
              8.8346052,
              46.6821083
            ],
            [
              8.8346657,
              46.6820105
            ],
            [
              8.8346864,
              46.6819203
            ],
            [
              8.8346279,
              46.6818022
            ],
            [
              8.8344979,
              46.6816639
            ],
            [
              8.834271,
              46.6815287
            ],
            [
              8.8333171,
              46.6810425
            ],
            [
              8.8328284,
              46.6808456
            ],
            [
              8.8326431,
              46.6807472
            ],
            [
              8.8323907,
              46.6805186
            ],
            [
              8.8319274,
              46.6800114
            ],
            [
              8.8313518,
              46.6797029
            ],
            [
              8.8312371,
              46.6796806
            ],
            [
              8.8310363,
              46.6796828
            ],
            [
              8.8307446,
              46.6797762
            ],
            [
              8.830338,
              46.6798606
            ],
            [
              8.8297747,
              46.6799142
            ],
            [
              8.8289655,
              46.6799486
            ],
            [
              8.8287139,
              46.6799364
            ],
            [
              8.8284835,
              46.6798964
            ],
            [
              8.8282971,
              46.679819
            ],
            [
              8.8279291,
              46.6795996
            ],
            [
              8.8277133,
              46.6795203
            ],
            [
              8.8274795,
              46.6794556
            ],
            [
              8.8271938,
              46.679443
            ],
            [
              8.8269421,
              46.6794563
            ],
            [
              8.8266053,
              46.6795207
            ],
            [
              8.826289,
              46.6795572
            ],
            [
              8.8259465,
              46.6796497
            ],
            [
              8.8258154,
              46.6796518
            ],
            [
              8.8252593,
              46.6794552
            ],
            [
              8.8245183,
              46.6791815
            ],
            [
              8.8241412,
              46.6791079
            ],
            [
              8.8240946,
              46.6790556
            ],
            [
              8.8240794,
              46.6789876
            ],
            [
              8.8240819,
              46.6789115
            ],
            [
              8.8239796,
              46.6788284
            ],
            [
              8.8237966,
              46.6787204
            ],
            [
              8.823398,
              46.6785824
            ],
            [
              8.8229814,
              46.6784632
            ],
            [
              8.8223659,
              46.6783664
            ],
            [
              8.8221138,
              46.678344
            ],
            [
              8.8217197,
              46.6783336
            ],
            [
              8.8214269,
              46.6783407
            ],
            [
              8.8208237,
              46.6784336
            ],
            [
              8.8207675,
              46.6784525
            ],
            [
              8.8207248,
              46.6784792
            ],
            [
              8.8206979,
              46.6785322
            ],
            [
              8.8206573,
              46.6788086
            ],
            [
              8.8202345,
              46.6790552
            ],
            [
              8.8181289,
              46.6792801
            ],
            [
              8.8177298,
              46.6793763
            ],
            [
              8.8174824,
              46.6796364
            ],
            [
              8.8173658,
              46.6797745
            ],
            [
              8.8170875,
              46.679858
            ],
            [
              8.8165498,
              46.6798182
            ],
            [
              8.8154583,
              46.6795564
            ],
            [
              8.814674,
              46.6792801
            ],
            [
              8.814358,
              46.6793442
            ],
            [
              8.8141335,
              46.6794546
            ],
            [
              8.8138763,
              46.679569
            ],
            [
              8.8134765,
              46.6795128
            ],
            [
              8.8124591,
              46.6790911
            ],
            [
              8.8118444,
              46.6788584
            ],
            [
              8.8115371,
              46.6785676
            ],
            [
              8.811304,
              46.6785021
            ],
            [
              8.811092,
              46.6785021
            ],
            [
              8.8099587,
              46.6787662
            ],
            [
              8.8084532,
              46.6784418
            ],
            [
              8.8081276,
              46.6784396
            ],
            [
              8.8077113,
              46.6784367
            ],
            [
              8.8063924,
              46.6786321
            ],
            [
              8.8059578,
              46.6786372
            ],
            [
              8.8055456,
              46.6785549
            ],
            [
              8.8050511,
              46.6785652
            ],
            [
              8.8046464,
              46.6782259
            ],
            [
              8.8044291,
              46.6781282
            ],
            [
              8.8039195,
              46.6780562
            ],
            [
              8.8030353,
              46.6781333
            ],
            [
              8.8024582,
              46.6781282
            ],
            [
              8.8016864,
              46.6780357
            ],
            [
              8.8008675,
              46.6780722
            ],
            [
              8.8005236,
              46.6781066
            ],
            [
              8.7990822,
              46.6785026
            ],
            [
              8.7982276,
              46.6785824
            ],
            [
              8.7975682,
              46.6785978
            ],
            [
              8.7969687,
              46.678495
            ],
            [
              8.7965265,
              46.6782894
            ],
            [
              8.7951402,
              46.6776672
            ],
            [
              8.7946007,
              46.6775336
            ],
            [
              8.7941735,
              46.6775336
            ],
            [
              8.7939112,
              46.6776518
            ],
            [
              8.7936864,
              46.6779089
            ],
            [
              8.793044,
              46.6781978
            ],
            [
              8.7914202,
              46.6785333
            ],
            [
              8.7907351,
              46.6786071
            ],
            [
              8.7900519,
              46.6785983
            ],
            [
              8.7897485,
              46.6785276
            ],
            [
              8.7891246,
              46.6781257
            ],
            [
              8.7882927,
              46.6774786
            ],
            [
              8.7880708,
              46.6773161
            ],
            [
              8.787837,
              46.6772859
            ],
            [
              8.78727,
              46.6773659
            ],
            [
              8.7864756,
              46.6774065
            ],
            [
              8.786343,
              46.6774465
            ],
            [
              8.7863058,
              46.6775075
            ],
            [
              8.7862632,
              46.677664
            ],
            [
              8.7862663,
              46.6778706
            ],
            [
              8.7862274,
              46.6779374
            ],
            [
              8.7861236,
              46.6780009
            ],
            [
              8.7860033,
              46.6780285
            ],
            [
              8.7847272,
              46.6780569
            ],
            [
              8.7843934,
              46.6780254
            ],
            [
              8.784147,
              46.6779493
            ],
            [
              8.7839835,
              46.6778383
            ],
            [
              8.7836412,
              46.6776048
            ],
            [
              8.7834973,
              46.6774498
            ],
            [
              8.783217,
              46.6769253
            ],
            [
              8.783186,
              46.6768918
            ],
            [
              8.7830987,
              46.6767872
            ],
            [
              8.7830211,
              46.6767483
            ],
            [
              8.7829409,
              46.676733
            ],
            [
              8.7828645,
              46.6767532
            ],
            [
              8.7827462,
              46.676797
            ],
            [
              8.7826544,
              46.6768067
            ],
            [
              8.78257,
              46.6768028
            ],
            [
              8.7825086,
              46.6767797
            ],
            [
              8.782408,
              46.6767057
            ],
            [
              8.7823173,
              46.676603
            ],
            [
              8.7820795,
              46.6762997
            ],
            [
              8.7817993,
              46.6760486
            ],
            [
              8.7816901,
              46.6760131
            ],
            [
              8.7815404,
              46.6759997
            ],
            [
              8.780333,
              46.6760826
            ],
            [
              8.7801326,
              46.6760503
            ],
            [
              8.7798281,
              46.6759661
            ],
            [
              8.7794625,
              46.6758009
            ],
            [
              8.7789755,
              46.6756222
            ],
            [
              8.7778391,
              46.6755627
            ],
            [
              8.7715236,
              46.6749532
            ],
            [
              8.7687738,
              46.6749439
            ],
            [
              8.7658344,
              46.6744921
            ],
            [
              8.7652338,
              46.6743901
            ],
            [
              8.7651688,
              46.6743833
            ],
            [
              8.7651066,
              46.6743768
            ],
            [
              8.7647781,
              46.6743424
            ],
            [
              8.7640517,
              46.6743149
            ],
            [
              8.7628322,
              46.6745329
            ],
            [
              8.7615162,
              46.674368
            ],
            [
              8.7607985,
              46.674203
            ],
            [
              8.7603544,
              46.6740294
            ],
            [
              8.7592143,
              46.673172
            ],
            [
              8.7589015,
              46.6729606
            ],
            [
              8.7586645,
              46.6729089
            ],
            [
              8.7571927,
              46.6725641
            ],
            [
              8.7567801,
              46.6725335
            ],
            [
              8.7566528,
              46.6726003
            ],
            [
              8.756387,
              46.6727641
            ],
            [
              8.7561357,
              46.6728085
            ],
            [
              8.7557382,
              46.6727794
            ],
            [
              8.755256,
              46.6726812
            ],
            [
              8.7545884,
              46.6726376
            ],
            [
              8.7543039,
              46.672582
            ],
            [
              8.7538942,
              46.672354
            ],
            [
              8.7537132,
              46.6722207
            ],
            [
              8.7535694,
              46.6721148
            ],
            [
              8.7531801,
              46.6720101
            ],
            [
              8.7526596,
              46.6718861
            ],
            [
              8.7524476,
              46.6718268
            ],
            [
              8.7522972,
              46.671716
            ],
            [
              8.752003,
              46.6709379
            ],
            [
              8.7518946,
              46.6705777
            ],
            [
              8.7514306,
              46.670189
            ],
            [
              8.7509549,
              46.6699982
            ],
            [
              8.7504591,
              46.6699794
            ],
            [
              8.7489436,
              46.6701654
            ],
            [
              8.7485777,
              46.6700545
            ],
            [
              8.7475023,
              46.6697287
            ],
            [
              8.7472705,
              46.6692076
            ],
            [
              8.7473713,
              46.6682874
            ],
            [
              8.7466773,
              46.6677971
            ],
            [
              8.7465851,
              46.6676857
            ],
            [
              8.7463579,
              46.6670837
            ],
            [
              8.7463187,
              46.6670024
            ],
            [
              8.7462264,
              46.6669237
            ],
            [
              8.7451627,
              46.6664226
            ],
            [
              8.7447605,
              46.6660035
            ],
            [
              8.7442203,
              46.6655293
            ],
            [
              8.741904,
              46.6647549
            ],
            [
              8.7410671,
              46.66432
            ],
            [
              8.7400725,
              46.6641425
            ],
            [
              8.7393386,
              46.6637103
            ],
            [
              8.7391878,
              46.6637229
            ],
            [
              8.7383956,
              46.6637891
            ],
            [
              8.7382136,
              46.6637379
            ],
            [
              8.7380551,
              46.6635941
            ],
            [
              8.737816,
              46.6635369
            ],
            [
              8.7370355,
              46.6634041
            ],
            [
              8.7353986,
              46.6629606
            ],
            [
              8.7305565,
              46.6616488
            ],
            [
              8.7272893,
              46.6617311
            ],
            [
              8.7268249,
              46.6616464
            ],
            [
              8.7265781,
              46.6615468
            ],
            [
              8.7261453,
              46.6612121
            ],
            [
              8.7257944,
              46.6605906
            ],
            [
              8.7256493,
              46.6604512
            ],
            [
              8.7248946,
              46.6601424
            ],
            [
              8.724452,
              46.6600527
            ],
            [
              8.7241327,
              46.6599083
            ],
            [
              8.7238715,
              46.6596693
            ],
            [
              8.7235449,
              46.6596444
            ],
            [
              8.7232474,
              46.6596244
            ],
            [
              8.7229134,
              46.6595088
            ],
            [
              8.7226179,
              46.6592951
            ],
            [
              8.7224403,
              46.6584825
            ],
            [
              8.7223755,
              46.6583623
            ],
            [
              8.7221949,
              46.6581188
            ],
            [
              8.7219539,
              46.6578344
            ],
            [
              8.7216669,
              46.6576862
            ],
            [
              8.7209703,
              46.6575968
            ],
            [
              8.7198294,
              46.6573322
            ],
            [
              8.7195578,
              46.6571337
            ],
            [
              8.7189077,
              46.6562326
            ],
            [
              8.7181965,
              46.655316
            ],
            [
              8.7174673,
              46.6549913
            ],
            [
              8.712311,
              46.6527238
            ],
            [
              8.7119131,
              46.6526239
            ],
            [
              8.7115713,
              46.6529282
            ],
            [
              8.7092722,
              46.6536699
            ],
            [
              8.708654,
              46.6536948
            ],
            [
              8.7083372,
              46.6536592
            ],
            [
              8.7081474,
              46.6536574
            ],
            [
              8.7077749,
              46.6538639
            ],
            [
              8.7069882,
              46.6538764
            ],
            [
              8.7058535,
              46.6540043
            ],
            [
              8.7055509,
              46.6539783
            ],
            [
              8.7047981,
              46.6538101
            ],
            [
              8.7045118,
              46.65381
            ],
            [
              8.7043224,
              46.6538271
            ],
            [
              8.7040828,
              46.6538347
            ],
            [
              8.7039366,
              46.6538262
            ],
            [
              8.7037956,
              46.6538094
            ],
            [
              8.7036728,
              46.6537781
            ],
            [
              8.7034021,
              46.6536477
            ],
            [
              8.7032621,
              46.6535756
            ],
            [
              8.7029828,
              46.6534566
            ],
            [
              8.7029227,
              46.6534215
            ],
            [
              8.7028845,
              46.653385
            ],
            [
              8.7028394,
              46.6532986
            ],
            [
              8.7028081,
              46.6532066
            ],
            [
              8.702773,
              46.6530273
            ],
            [
              8.7027432,
              46.6529359
            ],
            [
              8.7027196,
              46.652889
            ],
            [
              8.702675,
              46.6528513
            ],
            [
              8.7025161,
              46.6527803
            ],
            [
              8.7015172,
              46.6523617
            ],
            [
              8.7013838,
              46.6523066
            ],
            [
              8.7007198,
              46.6518467
            ],
            [
              8.7005515,
              46.6517827
            ],
            [
              8.7002213,
              46.651578
            ],
            [
              8.7001012,
              46.6513526
            ],
            [
              8.6999132,
              46.6512984
            ],
            [
              8.6996405,
              46.6513277
            ],
            [
              8.6994322,
              46.6512829
            ],
            [
              8.699295,
              46.6511992
            ],
            [
              8.6992185,
              46.6510453
            ],
            [
              8.699131,
              46.650926
            ],
            [
              8.6988414,
              46.6508129
            ],
            [
              8.6984917,
              46.650597
            ],
            [
              8.6979621,
              46.6505556
            ],
            [
              8.6977837,
              46.6504643
            ],
            [
              8.6971487,
              46.6503794
            ],
            [
              8.6969406,
              46.6502323
            ],
            [
              8.6967041,
              46.6498822
            ],
            [
              8.6961997,
              46.6498116
            ],
            [
              8.6960168,
              46.6495152
            ],
            [
              8.6959398,
              46.649221
            ],
            [
              8.6955184,
              46.6490471
            ],
            [
              8.6953186,
              46.6488838
            ],
            [
              8.6947,
              46.6486587
            ],
            [
              8.6943033,
              46.6485875
            ],
            [
              8.693447,
              46.6484206
            ],
            [
              8.6929987,
              46.6482339
            ],
            [
              8.6925542,
              46.6482356
            ],
            [
              8.6921903,
              46.6482584
            ],
            [
              8.6922552,
              46.647995
            ],
            [
              8.6924547,
              46.6478287
            ],
            [
              8.6924562,
              46.6478214
            ],
            [
              8.6924842,
              46.6476888
            ],
            [
              8.6922428,
              46.6476188
            ],
            [
              8.6921543,
              46.6474255
            ],
            [
              8.6922857,
              46.6472266
            ],
            [
              8.6924118,
              46.6470149
            ],
            [
              8.6924815,
              46.6468657
            ],
            [
              8.6923286,
              46.6466448
            ],
            [
              8.6922884,
              46.6463539
            ],
            [
              8.6922026,
              46.6461495
            ],
            [
              8.6923847,
              46.6459259
            ],
            [
              8.6922245,
              46.6458727
            ],
            [
              8.6921972,
              46.6457094
            ],
            [
              8.6920358,
              46.6455699
            ],
            [
              8.6917453,
              46.6455509
            ],
            [
              8.691341,
              46.6454152
            ],
            [
              8.690857,
              46.6454324
            ],
            [
              8.6906467,
              46.6452734
            ],
            [
              8.690256,
              46.6452624
            ],
            [
              8.6898178,
              46.6450771
            ],
            [
              8.6893226,
              46.6451037
            ],
            [
              8.689109,
              46.6450087
            ],
            [
              8.6889012,
              46.6448545
            ],
            [
              8.6888305,
              46.6446031
            ],
            [
              8.688911,
              46.6441765
            ],
            [
              8.6882355,
              46.6435238
            ],
            [
              8.6881384,
              46.6428156
            ],
            [
              8.688265,
              46.6425441
            ],
            [
              8.6883138,
              46.642365
            ],
            [
              8.6882945,
              46.6423285
            ],
            [
              8.688208,
              46.6422677
            ],
            [
              8.6881767,
              46.6422209
            ],
            [
              8.6881862,
              46.6420939
            ],
            [
              8.6881602,
              46.6420628
            ],
            [
              8.6880918,
              46.642044
            ],
            [
              8.6878253,
              46.6419733
            ],
            [
              8.6877123,
              46.6419203
            ],
            [
              8.6876158,
              46.6418043
            ],
            [
              8.6874816,
              46.6415436
            ],
            [
              8.6874572,
              46.6414532
            ],
            [
              8.687442,
              46.6404636
            ],
            [
              8.6874556,
              46.6402157
            ],
            [
              8.6875083,
              46.6399842
            ],
            [
              8.687519,
              46.6398664
            ],
            [
              8.6875334,
              46.6398375
            ],
            [
              8.6875509,
              46.6398142
            ],
            [
              8.6876169,
              46.6397229
            ],
            [
              8.6876342,
              46.6396902
            ],
            [
              8.6876555,
              46.6396324
            ],
            [
              8.6876522,
              46.6395612
            ],
            [
              8.687609,
              46.6395091
            ],
            [
              8.6874143,
              46.6393619
            ],
            [
              8.6873424,
              46.6392303
            ],
            [
              8.6873279,
              46.6391523
            ],
            [
              8.6873859,
              46.6389452
            ],
            [
              8.6874422,
              46.6385493
            ],
            [
              8.687007,
              46.6378206
            ],
            [
              8.6869373,
              46.6376291
            ],
            [
              8.6869319,
              46.637397
            ],
            [
              8.6867085,
              46.6372136
            ],
            [
              8.6866836,
              46.6371682
            ],
            [
              8.68682,
              46.6365537
            ],
            [
              8.6867649,
              46.6363592
            ],
            [
              8.6865217,
              46.636185
            ],
            [
              8.6866968,
              46.635949
            ],
            [
              8.6866581,
              46.6356817
            ],
            [
              8.6862581,
              46.635357
            ],
            [
              8.6859523,
              46.6349863
            ],
            [
              8.6859695,
              46.6348151
            ],
            [
              8.686064,
              46.6346611
            ],
            [
              8.686025,
              46.6344811
            ],
            [
              8.6860978,
              46.63435
            ],
            [
              8.6859304,
              46.6341807
            ],
            [
              8.6856016,
              46.6340965
            ],
            [
              8.6850079,
              46.6340735
            ],
            [
              8.6846188,
              46.633873
            ],
            [
              8.6833381,
              46.634051
            ],
            [
              8.6826632,
              46.6336268
            ],
            [
              8.6823708,
              46.6335705
            ],
            [
              8.682222,
              46.6334744
            ],
            [
              8.6817611,
              46.6332803
            ],
            [
              8.6816542,
              46.6333405
            ],
            [
              8.6815452,
              46.6333647
            ],
            [
              8.6814164,
              46.6333418
            ],
            [
              8.6812955,
              46.633369
            ],
            [
              8.6811937,
              46.6333359
            ],
            [
              8.6810526,
              46.6332754
            ],
            [
              8.6808933,
              46.6332677
            ],
            [
              8.680657,
              46.6332042
            ],
            [
              8.6804427,
              46.6331862
            ],
            [
              8.6803727,
              46.633146
            ],
            [
              8.6802898,
              46.6331372
            ],
            [
              8.6801384,
              46.6331815
            ],
            [
              8.680038,
              46.6331978
            ],
            [
              8.6796364,
              46.6331184
            ],
            [
              8.6793455,
              46.6330044
            ],
            [
              8.6790771,
              46.6330174
            ],
            [
              8.6788241,
              46.6329426
            ],
            [
              8.6781821,
              46.632853
            ],
            [
              8.6775115,
              46.6327855
            ],
            [
              8.6766654,
              46.6324676
            ],
            [
              8.6762397,
              46.6324462
            ],
            [
              8.6758363,
              46.6324228
            ],
            [
              8.6756868,
              46.6323593
            ],
            [
              8.6752899,
              46.6323993
            ],
            [
              8.6751169,
              46.6324574
            ],
            [
              8.6747563,
              46.6325143
            ],
            [
              8.6747327,
              46.6325137
            ]
          ],
          [
            [
              7.9133601,
              48.6870733
            ],
            [
              7.9189829,
              48.6916345
            ],
            [
              7.9236112,
              48.6951196
            ],
            [
              7.9258338,
              48.6967931
            ],
            [
              7.9305145,
              48.6994505
            ],
            [
              7.9338158,
              48.7010907
            ],
            [
              7.9411322,
              48.7037713
            ],
            [
              7.9359794,
              48.699581
            ],
            [
              7.9276107,
              48.6926196
            ],
            [
              7.925772,
              48.6905851
            ],
            [
              7.9241209,
              48.6886222
            ],
            [
              7.9221161,
              48.6855025
            ],
            [
              7.9200692,
              48.6829999
            ],
            [
              7.9190524,
              48.6822339
            ],
            [
              7.9188412,
              48.6820748
            ],
            [
              7.9175081,
              48.6813189
            ],
            [
              7.9127623,
              48.6794485
            ],
            [
              7.9082594,
              48.6770071
            ],
            [
              7.9066916,
              48.6757391
            ],
            [
              7.9041816,
              48.673709
            ],
            [
              7.8999757,
              48.670309
            ],
            [
              7.8982917,
              48.6689422
            ]
          ],
          [
            [
              8.1090385,
              48.8210884
            ],
            [
              8.1104314,
              48.8245804
            ],
            [
              8.1117521,
              48.8287681
            ],
            [
              8.1121598,
              48.8297308
            ],
            [
              8.1122783,
              48.8300639
            ],
            [
              8.1129494,
              48.8325085
            ],
            [
              8.1129794,
              48.832626
            ],
            [
              8.114549,
              48.8367676
            ],
            [
              8.1136406,
              48.8332442
            ],
            [
              8.1135181,
              48.8325642
            ],
            [
              8.113484,
              48.8324395
            ],
            [
              8.1128091,
              48.8299898
            ],
            [
              8.1126614,
              48.8296247
            ],
            [
              8.1116649,
              48.8264053
            ],
            [
              8.1104491,
              48.8232139
            ],
            [
              8.1090385,
              48.8210884
            ],
            [
              8.1063458,
              48.8183507
            ],
            [
              8.1031543,
              48.8162231
            ],
            [
              8.0994582,
              48.8136458
            ],
            [
              8.0966966,
              48.8107413
            ],
            [
              8.0959881,
              48.8100119
            ],
            [
              8.0952723,
              48.8092769
            ],
            [
              8.0945325,
              48.8085448
            ],
            [
              8.094408,
              48.8084228
            ],
            [
              8.0937975,
              48.8078251
            ],
            [
              8.0930267,
              48.8070981
            ],
            [
              8.0922452,
              48.8063799
            ],
            [
              8.0914509,
              48.8056649
            ],
            [
              8.0906452,
              48.8049589
            ],
            [
              8.0898272,
              48.8042575
            ],
            [
              8.0889997,
              48.8035621
            ],
            [
              8.0881598,
              48.8028717
            ],
            [
              8.0872931,
              48.8021831
            ],
            [
              8.0864019,
              48.8014991
            ],
            [
              8.0863817,
              48.8014835
            ],
            [
              8.08618,
              48.8013288
            ],
            [
              8.0855199,
              48.8008222
            ],
            [
              8.0846302,
              48.8001524
            ],
            [
              8.0837251,
              48.7994902
            ],
            [
              8.0835635,
              48.7993742
            ],
            [
              8.0793614,
              48.7965121
            ],
            [
              8.0767243,
              48.7948665
            ],
            [
              8.0758823,
              48.7943631
            ],
            [
              8.0745526,
              48.793568
            ],
            [
              8.0729776,
              48.7927046
            ],
            [
              8.0719635,
              48.7921951
            ],
            [
              8.0704661,
              48.7915066
            ],
            [
              8.0689802,
              48.7908972
            ],
            [
              8.0678807,
              48.7905103
            ],
            [
              8.0667971,
              48.7901847
            ],
            [
              8.0664704,
              48.7901091
            ],
            [
              8.0640619,
              48.7895599
            ],
            [
              8.06262,
              48.7892827
            ],
            [
              8.0610566,
              48.7890633
            ],
            [
              8.0602836,
              48.7889893
            ],
            [
              8.0592634,
              48.7889505
            ],
            [
              8.0584421,
              48.7889597
            ],
            [
              8.0571872,
              48.7890338
            ],
            [
              8.0565151,
              48.7890965
            ],
            [
              8.0559723,
              48.7891707
            ],
            [
              8.0550083,
              48.7893247
            ],
            [
              8.0543009,
              48.7894832
            ],
            [
              8.0529531,
              48.7897851
            ],
            [
              8.0509042,
              48.7902644
            ],
            [
              8.0498897,
              48.7904638
            ],
            [
              8.0488025,
              48.7905992
            ],
            [
              8.047149,
              48.7907829
            ],
            [
              8.045689,
              48.7908619
            ],
            [
              8.0443018,
              48.7908626
            ],
            [
              8.0427353,
              48.7907718
            ],
            [
              8.0414735,
              48.7906854
            ],
            [
              8.0399411,
              48.7905115
            ],
            [
              8.0386494,
              48.7902914
            ],
            [
              8.0375795,
              48.7900621
            ],
            [
              8.0363145,
              48.7897293
            ],
            [
              8.0347385,
              48.7892118
            ],
            [
              8.0340254,
              48.7889489
            ],
            [
              8.032922,
              48.7884976
            ],
            [
              8.0315588,
              48.7878748
            ],
            [
              8.0303996,
              48.7872538
            ],
            [
              8.0297878,
              48.786883
            ],
            [
              8.0290387,
              48.7863716
            ],
            [
              8.028267,
              48.7857612
            ],
            [
              8.0280828,
              48.7856154
            ],
            [
              8.0276134,
              48.7851856
            ],
            [
              8.0271595,
              48.7847097
            ],
            [
              8.0268302,
              48.7843137
            ],
            [
              8.0265424,
              48.7838814
            ],
            [
              8.0262597,
              48.7833573
            ],
            [
              8.0261116,
              48.7829691
            ],
            [
              8.02597,
              48.7825409
            ],
            [
              8.0258462,
              48.781856
            ],
            [
              8.0253817,
              48.7791324
            ],
            [
              8.0248793,
              48.776069
            ],
            [
              8.0242215,
              48.7720574
            ],
            [
              8.0238568,
              48.7706691
            ],
            [
              8.0236503,
              48.7700144
            ],
            [
              8.0229821,
              48.768681
            ],
            [
              8.0225159,
              48.7678732
            ],
            [
              8.022224,
              48.7674587
            ],
            [
              8.0216556,
              48.7666513
            ],
            [
              8.0209596,
              48.7658016
            ],
            [
              8.0203238,
              48.7651488
            ],
            [
              8.0193986,
              48.7642776
            ],
            [
              8.0178207,
              48.7630727
            ],
            [
              8.0170562,
              48.7625224
            ],
            [
              8.0164102,
              48.7620948
            ],
            [
              8.0161769,
              48.7619506
            ],
            [
              8.0151082,
              48.7613884
            ],
            [
              8.0140042,
              48.7608728
            ],
            [
              8.0126661,
              48.7603131
            ],
            [
              8.0113498,
              48.7598945
            ],
            [
              8.0102286,
              48.7596075
            ],
            [
              8.0088655,
              48.7593425
            ],
            [
              8.007633,
              48.7591761
            ],
            [
              8.0056001,
              48.7589494
            ],
            [
              8.003942,
              48.7588181
            ],
            [
              8.0027481,
              48.758804
            ],
            [
              8.0021711,
              48.7587972
            ],
            [
              8.0004604,
              48.7588471
            ],
            [
              7.9991185,
              48.7589366
            ],
            [
              7.9976427,
              48.7591046
            ],
            [
              7.9960614,
              48.7593409
            ],
            [
              7.9952585,
              48.75948
            ],
            [
              7.9930219,
              48.7598675
            ],
            [
              7.9896,
              48.7604976
            ],
            [
              7.9875943,
              48.7608669
            ],
            [
              7.9862145,
              48.7610308
            ],
            [
              7.9855796,
              48.7610838
            ],
            [
              7.9845067,
              48.7611718
            ],
            [
              7.9830777,
              48.761181
            ],
            [
              7.9814912,
              48.7609658
            ],
            [
              7.9796824,
              48.7606949
            ],
            [
              7.9776767,
              48.7602749
            ],
            [
              7.9764569,
              48.7599359
            ],
            [
              7.9756352,
              48.7597118
            ],
            [
              7.9748911,
              48.759417
            ],
            [
              7.9735883,
              48.75889
            ],
            [
              7.9723745,
              48.7581731
            ],
            [
              7.9712076,
              48.7572732
            ],
            [
              7.9704118,
              48.7564303
            ],
            [
              7.9698328,
              48.7556024
            ],
            [
              7.9693429,
              48.7547935
            ],
            [
              7.968958,
              48.7539656
            ],
            [
              7.9689183,
              48.7538793
            ],
            [
              7.9688153,
              48.7536568
            ],
            [
              7.9683802,
              48.752158
            ],
            [
              7.9682244,
              48.7514492
            ],
            [
              7.9681711,
              48.7512045
            ],
            [
              7.9670506,
              48.7460943
            ],
            [
              7.9669801,
              48.7451774
            ],
            [
              7.966882,
              48.7442603
            ],
            [
              7.9670037,
              48.7425142
            ],
            [
              7.9669818,
              48.7423168
            ],
            [
              7.9670799,
              48.740306
            ],
            [
              7.967568,
              48.7332909
            ],
            [
              7.9676526,
              48.7321715
            ],
            [
              7.9677175,
              48.7304329
            ],
            [
              7.9676945,
              48.7294121
            ],
            [
              7.9674721,
              48.728063
            ],
            [
              7.9667353,
              48.7256537
            ],
            [
              7.966271,
              48.7248938
            ],
            [
              7.9657522,
              48.724152
            ],
            [
              7.9648297,
              48.7232453
            ],
            [
              7.9639002,
              48.7223208
            ],
            [
              7.9630027,
              48.7214785
            ],
            [
              7.9584204,
              48.717768
            ],
            [
              7.9575868,
              48.7170812
            ],
            [
              7.9498364,
              48.7108795
            ],
            [
              7.9486183,
              48.7098944
            ],
            [
              7.9411322,
              48.7037713
            ]
          ],
          [
            [
              8.1019387,
              48.8164113
            ],
            [
              8.1039142,
              48.8181987
            ],
            [
              8.1066498,
              48.8218461
            ],
            [
              8.1084734,
              48.8256455
            ],
            [
              8.1101452,
              48.8315725
            ],
            [
              8.1104641,
              48.8325126
            ],
            [
              8.110497,
              48.8326072
            ],
            [
              8.1105316,
              48.8327066
            ],
            [
              8.1106187,
              48.8329621
            ],
            [
              8.1115129,
              48.8353718
            ],
            [
              8.1125767,
              48.8391712
            ],
            [
              8.1144004,
              48.8428185
            ],
            [
              8.1161608,
              48.8455069
            ],
            [
              8.1161438,
              48.8430794
            ],
            [
              8.1158023,
              48.8414316
            ],
            [
              8.1153544,
              48.8393322
            ],
            [
              8.114549,
              48.8367676
            ]
          ],
          [
            [
              8.1161608,
              48.8455069
            ],
            [
              8.1161852,
              48.8472251
            ],
            [
              8.1160881,
              48.8493412
            ],
            [
              8.1155901,
              48.8523465
            ],
            [
              8.1146655,
              48.850673
            ],
            [
              8.1140295,
              48.8492861
            ],
            [
              8.1133139,
              48.8478116
            ],
            [
              8.111192,
              48.8430015
            ],
            [
              8.109777,
              48.8411078
            ],
            [
              8.1078059,
              48.8394064
            ],
            [
              8.105054,
              48.8361317
            ],
            [
              8.1039902,
              48.8326363
            ],
            [
              8.1042493,
              48.8288941
            ],
            [
              8.1037614,
              48.8277528
            ],
            [
              8.1040424,
              48.820983
            ],
            [
              8.1025571,
              48.817847
            ],
            [
              8.1019387,
              48.8164113
            ],
            [
              8.1016336,
              48.8160256
            ],
            [
              8.1009813,
              48.8152672
            ],
            [
              8.1002363,
              48.8144641
            ],
            [
              8.0994582,
              48.8136458
            ]
          ],
          [
            [
              8.6128448,
              47.677494
            ],
            [
              8.6133551,
              47.6781706
            ],
            [
              8.6136784,
              47.6783883
            ],
            [
              8.6140446,
              47.6784588
            ],
            [
              8.6145732,
              47.6784293
            ],
            [
              8.6148706,
              47.6783615
            ],
            [
              8.6155187,
              47.6782154
            ],
            [
              8.6159277,
              47.6780137
            ],
            [
              8.6162463,
              47.6776807
            ],
            [
              8.6165551,
              47.6770405
            ],
            [
              8.6166939,
              47.677882
            ],
            [
              8.6165061,
              47.6782486
            ],
            [
              8.616324,
              47.678279
            ],
            [
              8.6161946,
              47.6783349
            ],
            [
              8.6156084,
              47.6785776
            ],
            [
              8.6154142,
              47.678612
            ],
            [
              8.6149042,
              47.6786224
            ],
            [
              8.6140446,
              47.6784588
            ]
          ],
          [
            [
              7.5858737,
              48.0192489
            ],
            [
              7.5857183,
              48.0203419
            ],
            [
              7.5854634,
              48.0209108
            ],
            [
              7.5850243,
              48.0213915
            ],
            [
              7.5843164,
              48.0219481
            ],
            [
              7.5838461,
              48.0223053
            ],
            [
              7.5835861,
              48.0224795
            ],
            [
              7.5809138,
              48.0232044
            ]
          ],
          [
            [
              4.4325538,
              51.8371064
            ],
            [
              4.4283391,
              51.8341041
            ],
            [
              4.4261577,
              51.8324347
            ],
            [
              4.4245415,
              51.8311677
            ],
            [
              4.4234706,
              51.8305554
            ],
            [
              4.4227088,
              51.8301243
            ],
            [
              4.4218943,
              51.8297926
            ],
            [
              4.4209403,
              51.829596
            ],
            [
              4.4201523,
              51.8294847
            ],
            [
              4.4194071,
              51.8294149
            ],
            [
              4.4185913,
              51.8293869
            ],
            [
              4.4176171,
              51.8294143
            ],
            [
              4.4162651,
              51.8294816
            ],
            [
              4.4140137,
              51.8296824
            ],
            [
              4.4121026,
              51.8298912
            ],
            [
              4.4109785,
              51.830014
            ],
            [
              4.4082819,
              51.8302794
            ],
            [
              4.4061992,
              51.8304917
            ],
            [
              4.4051867,
              51.8305982
            ],
            [
              4.4042218,
              51.8307079
            ],
            [
              4.4033114,
              51.8308113
            ],
            [
              4.4024742,
              51.8309203
            ],
            [
              4.4017865,
              51.8310436
            ],
            [
              4.4002795,
              51.8313453
            ],
            [
              4.3996971,
              51.8314198
            ],
            [
              4.3992484,
              51.831456
            ],
            [
              4.3987938,
              51.831456
            ],
            [
              4.3983471,
              51.8314434
            ],
            [
              4.3978206,
              51.8314058
            ],
            [
              4.3974182,
              51.8313585
            ],
            [
              4.3970647,
              51.8312821
            ],
            [
              4.3965469,
              51.8311214
            ],
            [
              4.3960722,
              51.8309404
            ],
            [
              4.3952543,
              51.8305777
            ],
            [
              4.3943544,
              51.8301344
            ],
            [
              4.3929174,
              51.8294159
            ],
            [
              4.3879742,
              51.8271227
            ],
            [
              4.3851782,
              51.8254297
            ],
            [
              4.3813816,
              51.8238069
            ],
            [
              4.3797869,
              51.8230367
            ],
            [
              4.3771916,
              51.8213228
            ],
            [
              4.374609,
              51.8201154
            ],
            [
              4.373807,
              51.8196719
            ],
            [
              4.3731584,
              51.8191944
            ],
            [
              4.3723388,
              51.8186348
            ],
            [
              4.3716164,
              51.8180925
            ],
            [
              4.3707094,
              51.8176139
            ],
            [
              4.3700891,
              51.8172886
            ],
            [
              4.3695245,
              51.8171269
            ],
            [
              4.368839,
              51.8170459
            ],
            [
              4.3680015,
              51.817044
            ],
            [
              4.3674356,
              51.8170967
            ],
            [
              4.3650791,
              51.8175232
            ],
            [
              4.3638003,
              51.8178267
            ],
            [
              4.3624136,
              51.8181341
            ],
            [
              4.3600461,
              51.8186753
            ],
            [
              4.3585197,
              51.8189415
            ],
            [
              4.3567808,
              51.8191524
            ],
            [
              4.3553078,
              51.8192215
            ],
            [
              4.3545478,
              51.8192149
            ],
            [
              4.3536163,
              51.819135
            ],
            [
              4.3527262,
              51.8189806
            ],
            [
              4.3513226,
              51.818729
            ],
            [
              4.3493392,
              51.8183203
            ],
            [
              4.3481455,
              51.8181037
            ],
            [
              4.3460127,
              51.817749
            ],
            [
              4.3437036,
              51.8173853
            ],
            [
              4.3414878,
              51.8170744
            ],
            [
              4.340437,
              51.8169345
            ],
            [
              4.3394536,
              51.8168632
            ],
            [
              4.3386379,
              51.8168268
            ],
            [
              4.3382897,
              51.816818
            ],
            [
              4.3379619,
              51.8167582
            ],
            [
              4.337615,
              51.8166431
            ],
            [
              4.3371006,
              51.8164973
            ],
            [
              4.3364525,
              51.8163076
            ],
            [
              4.3358781,
              51.815984
            ],
            [
              4.3353694,
              51.8156376
            ],
            [
              4.3349198,
              51.8152771
            ],
            [
              4.3345841,
              51.8149722
            ],
            [
              4.3338072,
              51.8143985
            ],
            [
              4.3325911,
              51.8135667
            ],
            [
              4.3321448,
              51.8133642
            ],
            [
              4.3313552,
              51.8131105
            ],
            [
              4.3307437,
              51.8129534
            ],
            [
              4.3301206,
              51.8128487
            ],
            [
              4.3291594,
              51.81273
            ],
            [
              4.3277381,
              51.8126501
            ],
            [
              4.3257579,
              51.8125184
            ],
            [
              4.3237897,
              51.8123221
            ],
            [
              4.3219125,
              51.8120559
            ],
            [
              4.3201106,
              51.8117568
            ],
            [
              4.3170718,
              51.8111878
            ],
            [
              4.31392,
              51.8106045
            ],
            [
              4.3103324,
              51.8099048
            ],
            [
              4.3093599,
              51.8096695
            ],
            [
              4.3083594,
              51.8094081
            ],
            [
              4.3076218,
              51.8092439
            ],
            [
              4.306843,
              51.8089672
            ],
            [
              4.3059834,
              51.8086261
            ],
            [
              4.30508,
              51.8082273
            ],
            [
              4.3040578,
              51.8076919
            ],
            [
              4.3027139,
              51.8069099
            ],
            [
              4.301582,
              51.8060575
            ],
            [
              4.2995044,
              51.8041981
            ],
            [
              4.2984861,
              51.8033746
            ],
            [
              4.2967752,
              51.8024702
            ],
            [
              4.2963166,
              51.8023005
            ],
            [
              4.2957907,
              51.8021814
            ],
            [
              4.2953044,
              51.8021651
            ],
            [
              4.2944555,
              51.8022047
            ],
            [
              4.2935475,
              51.8023579
            ],
            [
              4.2922474,
              51.8025621
            ],
            [
              4.2906905,
              51.8028647
            ],
            [
              4.2887026,
              51.8031815
            ],
            [
              4.28689,
              51.8034056
            ],
            [
              4.2852663,
              51.8036265
            ],
            [
              4.2847037,
              51.8036829
            ],
            [
              4.2835309,
              51.803815
            ],
            [
              4.2830915,
              51.8038298
            ],
            [
              4.2790627,
              51.804162
            ],
            [
              4.2755214,
              51.8046592
            ],
            [
              4.2742659,
              51.8049355
            ],
            [
              4.2732941,
              51.8050365
            ],
            [
              4.2722059,
              51.8051069
            ],
            [
              4.271098,
              51.8051259
            ],
            [
              4.2702733,
              51.8050825
            ],
            [
              4.2695433,
              51.8049826
            ],
            [
              4.2686352,
              51.8048666
            ],
            [
              4.2674466,
              51.8046005
            ],
            [
              4.265065,
              51.8037967
            ],
            [
              4.2634645,
              51.8029655
            ],
            [
              4.2618181,
              51.8010901
            ],
            [
              4.2601712,
              51.799176
            ],
            [
              4.2584025,
              51.7973893
            ],
            [
              4.2523328,
              51.7917116
            ],
            [
              4.2490808,
              51.7880027
            ],
            [
              4.2469589,
              51.7858093
            ],
            [
              4.2446817,
              51.7840488
            ],
            [
              4.2442759,
              51.7836963
            ],
            [
              4.2435903,
              51.7832016
            ],
            [
              4.2422785,
              51.7825728
            ],
            [
              4.2408987,
              51.7822912
            ],
            [
              4.2390303,
              51.7823948
            ],
            [
              4.2375972,
              51.7828476
            ],
            [
              4.2363329,
              51.7834976
            ],
            [
              4.2348263,
              51.7842603
            ],
            [
              4.2326462,
              51.7852704
            ],
            [
              4.2280678,
              51.7867946
            ],
            [
              4.2222157,
              51.7877873
            ],
            [
              4.215768,
              51.7888943
            ],
            [
              4.2067195,
              51.7906406
            ],
            [
              4.2028717,
              51.7917687
            ],
            [
              4.1976458,
              51.7940577
            ],
            [
              4.192927,
              51.796825
            ],
            [
              4.1859225,
              51.8008736
            ],
            [
              4.1742611,
              51.8055829
            ],
            [
              4.1645209,
              51.8075201
            ]
          ],
          [
            [
              8.1155901,
              48.8523465
            ],
            [
              8.1159286,
              48.8532405
            ],
            [
              8.1164807,
              48.8548553
            ],
            [
              8.1184454,
              48.8593203
            ],
            [
              8.1193765,
              48.8610747
            ],
            [
              8.1217148,
              48.864855
            ],
            [
              8.1232765,
              48.8675863
            ],
            [
              8.1252486,
              48.8714575
            ],
            [
              8.1263793,
              48.875222
            ],
            [
              8.1269371,
              48.8765679
            ],
            [
              8.1274427,
              48.8774437
            ],
            [
              8.1278569,
              48.8780243
            ],
            [
              8.12906,
              48.8797107
            ],
            [
              8.1318128,
              48.8827348
            ],
            [
              8.1334684,
              48.8845291
            ],
            [
              8.1347887,
              48.8859398
            ],
            [
              8.1359016,
              48.8873114
            ],
            [
              8.1384467,
              48.890988
            ],
            [
              8.139631,
              48.8929235
            ],
            [
              8.140814,
              48.8950866
            ],
            [
              8.1420944,
              48.8980039
            ],
            [
              8.1437638,
              48.8998926
            ],
            [
              8.1453357,
              48.901349
            ],
            [
              8.1483189,
              48.9039825
            ],
            [
              8.1512855,
              48.9071688
            ],
            [
              8.1528861,
              48.9086254
            ],
            [
              8.153707,
              48.9098451
            ],
            [
              8.155422,
              48.9127925
            ],
            [
              8.1565878,
              48.9140038
            ],
            [
              8.1591517,
              48.9163083
            ],
            [
              8.1593571,
              48.916474
            ],
            [
              8.1610065,
              48.9174409
            ],
            [
              8.1644672,
              48.9195574
            ],
            [
              8.1668448,
              48.9218664
            ],
            [
              8.1685792,
              48.9233736
            ],
            [
              8.174525,
              48.9299402
            ],
            [
              8.1754349,
              48.9309694
            ],
            [
              8.1778648,
              48.9337424
            ],
            [
              8.1802554,
              48.9363113
            ],
            [
              8.182711,
              48.9385863
            ],
            [
              8.1851646,
              48.9410209
            ],
            [
              8.18784,
              48.9448642
            ],
            [
              8.1880011,
              48.9452345
            ],
            [
              8.1887324,
              48.9466833
            ],
            [
              8.189865,
              48.9493127
            ],
            [
              8.1909253,
              48.9517192
            ],
            [
              8.1915654,
              48.9529103
            ],
            [
              8.1933405,
              48.9548351
            ],
            [
              8.1941543,
              48.9556443
            ],
            [
              8.1953666,
              48.95687
            ],
            [
              8.196742,
              48.957845
            ],
            [
              8.1982721,
              48.958624
            ],
            [
              8.1993686,
              48.9591204
            ],
            [
              8.200596,
              48.959564
            ],
            [
              8.2019951,
              48.960056
            ],
            [
              8.2041408,
              48.9606353
            ],
            [
              8.2058372,
              48.9608987
            ],
            [
              8.2084477,
              48.9613088
            ],
            [
              8.2116336,
              48.9616718
            ],
            [
              8.2138473,
              48.9621063
            ],
            [
              8.2196477,
              48.9631939
            ],
            [
              8.2204875,
              48.9633447
            ],
            [
              8.2229039,
              48.9638716
            ],
            [
              8.2249795,
              48.9642935
            ],
            [
              8.2281033,
              48.9649641
            ],
            [
              8.2309986,
              48.9655091
            ],
            [
              8.231975,
              48.9657908
            ],
            [
              8.2325569,
              48.9659869
            ],
            [
              8.2328598,
              48.9660845
            ],
            [
              8.2351464,
              48.9668734
            ],
            [
              8.2364747,
              48.9675066
            ],
            [
              8.2426361,
              48.971124
            ],
            [
              8.2484524,
              48.9742035
            ],
            [
              8.2532507,
              48.9767531
            ],
            [
              8.2558283,
              48.9781211
            ],
            [
              8.2640083,
              48.9823631
            ],
            [
              8.2694675,
              48.9853609
            ],
            [
              8.2707531,
              48.9860482
            ],
            [
              8.2733556,
              48.9873505
            ],
            [
              8.2745604,
              48.9881515
            ],
            [
              8.2749737,
              48.988378
            ],
            [
              8.2785443,
              48.9903347
            ],
            [
              8.2808588,
              48.9916332
            ],
            [
              8.282868,
              48.9930284
            ],
            [
              8.2841419,
              48.9942823
            ],
            [
              8.2850583,
              48.9953965
            ],
            [
              8.2868674,
              48.9978093
            ],
            [
              8.2873057,
              48.9985931
            ],
            [
              8.2897897,
              49.0022235
            ],
            [
              8.2917209,
              49.0047551
            ],
            [
              8.2927313,
              49.0060032
            ],
            [
              8.2939665,
              49.0075288
            ],
            [
              8.2962166,
              49.0098988
            ],
            [
              8.29714,
              49.0113678
            ],
            [
              8.2974278,
              49.0118055
            ],
            [
              8.2975231,
              49.0119504
            ],
            [
              8.2988269,
              49.0151109
            ],
            [
              8.2997866,
              49.0175405
            ],
            [
              8.3000609,
              49.0184309
            ],
            [
              8.3004868,
              49.0200054
            ],
            [
              8.3007291,
              49.0226822
            ],
            [
              8.3007918,
              49.0250532
            ],
            [
              8.301155,
              49.0273145
            ],
            [
              8.3015297,
              49.0294804
            ],
            [
              8.3015856,
              49.0335675
            ],
            [
              8.3022744,
              49.0364678
            ],
            [
              8.3023036,
              49.0365805
            ],
            [
              8.302433,
              49.037069
            ],
            [
              8.3029646,
              49.0385481
            ],
            [
              8.3041974,
              49.0419068
            ],
            [
              8.3048899,
              49.0432834
            ],
            [
              8.3049662,
              49.0434351
            ],
            [
              8.3056859,
              49.0451167
            ],
            [
              8.3066743,
              49.0469833
            ],
            [
              8.3092807,
              49.0509691
            ],
            [
              8.3114598,
              49.0535843
            ],
            [
              8.3135692,
              49.0558428
            ],
            [
              8.3163394,
              49.0592513
            ],
            [
              8.3180193,
              49.0617884
            ],
            [
              8.3192385,
              49.0634223
            ],
            [
              8.3210023,
              49.0657869
            ],
            [
              8.3231003,
              49.0679116
            ],
            [
              8.3251099,
              49.0696165
            ],
            [
              8.3280339,
              49.071992
            ],
            [
              8.3307731,
              49.0738073
            ],
            [
              8.3349167,
              49.0758667
            ],
            [
              8.3379545,
              49.0776839
            ],
            [
              8.3395341,
              49.0787848
            ],
            [
              8.3409279,
              49.0797704
            ],
            [
              8.3410099,
              49.0798431
            ],
            [
              8.3431429,
              49.0817349
            ],
            [
              8.3440813,
              49.0826762
            ],
            [
              8.344695,
              49.0833448
            ],
            [
              8.3465066,
              49.0856473
            ],
            [
              8.3485524,
              49.0876767
            ],
            [
              8.3514871,
              49.090049
            ],
            [
              8.3520311,
              49.090509
            ],
            [
              8.3529447,
              49.0912815
            ],
            [
              8.3539427,
              49.092154
            ],
            [
              8.355039,
              49.0930994
            ],
            [
              8.3562803,
              49.09424
            ],
            [
              8.3575931,
              49.0957793
            ],
            [
              8.3580752,
              49.0965385
            ],
            [
              8.3586767,
              49.0974856
            ],
            [
              8.3590358,
              49.0981124
            ],
            [
              8.3595553,
              49.099019
            ],
            [
              8.3605196,
              49.1010316
            ],
            [
              8.361493,
              49.1035343
            ],
            [
              8.362106,
              49.1061201
            ],
            [
              8.3623875,
              49.1081038
            ],
            [
              8.3636077,
              49.1149945
            ],
            [
              8.3638795,
              49.1165489
            ],
            [
              8.3651183,
              49.122231
            ],
            [
              8.3653933,
              49.12338
            ],
            [
              8.36554,
              49.1239132
            ],
            [
              8.3669021,
              49.127393
            ],
            [
              8.3686783,
              49.1317991
            ],
            [
              8.3688443,
              49.1326845
            ],
            [
              8.3693256,
              49.1361418
            ],
            [
              8.3693256,
              49.139907
            ],
            [
              8.3697348,
              49.141659
            ],
            [
              8.3707756,
              49.1444294
            ],
            [
              8.372445,
              49.1483939
            ],
            [
              8.3731005,
              49.1503317
            ],
            [
              8.3733314,
              49.1523887
            ],
            [
              8.3730457,
              49.1539867
            ],
            [
              8.3725399,
              49.1554836
            ],
            [
              8.3716176,
              49.1570893
            ],
            [
              8.3703766,
              49.158511
            ],
            [
              8.3683222,
              49.1609972
            ],
            [
              8.3679433,
              49.1615872
            ],
            [
              8.3674231,
              49.1627022
            ],
            [
              8.3670608,
              49.1643111
            ],
            [
              8.3670071,
              49.165509
            ],
            [
              8.3671509,
              49.1667892
            ],
            [
              8.3675177,
              49.1679552
            ],
            [
              8.3679053,
              49.1687983
            ],
            [
              8.369303,
              49.1710535
            ],
            [
              8.3742864,
              49.1762903
            ],
            [
              8.3765328,
              49.1788406
            ],
            [
              8.3790046,
              49.1819817
            ],
            [
              8.3804593,
              49.1841881
            ],
            [
              8.3809067,
              49.1848929
            ],
            [
              8.3821826,
              49.1875009
            ],
            [
              8.3829972,
              49.1905101
            ],
            [
              8.3831014,
              49.1915581
            ],
            [
              8.3832356,
              49.1927333
            ],
            [
              8.3834931,
              49.1950863
            ],
            [
              8.3853163,
              49.2016797
            ],
            [
              8.3856872,
              49.2026728
            ],
            [
              8.3858744,
              49.2031741
            ],
            [
              8.387298,
              49.2071554
            ],
            [
              8.3876036,
              49.2087403
            ],
            [
              8.3876236,
              49.2102961
            ],
            [
              8.3873873,
              49.2120999
            ],
            [
              8.3871033,
              49.2132768
            ],
            [
              8.3858744,
              49.2160204
            ],
            [
              8.3851628,
              49.2187535
            ],
            [
              8.3850078,
              49.219528
            ],
            [
              8.3846096,
              49.2219156
            ],
            [
              8.3848075,
              49.2249374
            ],
            [
              8.3853842,
              49.2274926
            ],
            [
              8.3854813,
              49.2277748
            ],
            [
              8.3859167,
              49.228859
            ],
            [
              8.386865,
              49.2309202
            ],
            [
              8.3877728,
              49.2324963
            ],
            [
              8.388826,
              49.2343248
            ],
            [
              8.3917507,
              49.2375344
            ],
            [
              8.3956048,
              49.2405149
            ],
            [
              8.4013557,
              49.2442938
            ],
            [
              8.4056437,
              49.2467712
            ],
            [
              8.4086753,
              49.2484653
            ],
            [
              8.4123013,
              49.2499974
            ],
            [
              8.4241716,
              49.2545665
            ],
            [
              8.4254074,
              49.2550544
            ],
            [
              8.4270718,
              49.2555655
            ],
            [
              8.4318084,
              49.257307
            ],
            [
              8.4355028,
              49.2594375
            ],
            [
              8.4366687,
              49.2601201
            ],
            [
              8.4445226,
              49.265879
            ],
            [
              8.4460708,
              49.2673516
            ],
            [
              8.448774,
              49.2699409
            ],
            [
              8.450485,
              49.2719188
            ],
            [
              8.4510338,
              49.272556
            ],
            [
              8.4516505,
              49.273239
            ],
            [
              8.4538018,
              49.2757035
            ],
            [
              8.455873,
              49.2773656
            ],
            [
              8.4569357,
              49.278221
            ],
            [
              8.4576878,
              49.2789537
            ],
            [
              8.458578,
              49.2796025
            ],
            [
              8.4605828,
              49.2808823
            ],
            [
              8.4618737,
              49.2815243
            ],
            [
              8.4635533,
              49.2822325
            ],
            [
              8.4652616,
              49.2828853
            ],
            [
              8.4667394,
              49.2833506
            ],
            [
              8.4681807,
              49.2838376
            ],
            [
              8.4694399,
              49.2842372
            ],
            [
              8.4703948,
              49.2844326
            ],
            [
              8.4718408,
              49.2847821
            ],
            [
              8.4723763,
              49.2849015
            ],
            [
              8.4736269,
              49.2851298
            ],
            [
              8.4761002,
              49.2854902
            ],
            [
              8.4789301,
              49.2857818
            ],
            [
              8.4802009,
              49.2859065
            ],
            [
              8.482264,
              49.2863051
            ],
            [
              8.4838796,
              49.2868687
            ],
            [
              8.4848524,
              49.2872889
            ],
            [
              8.4853724,
              49.2876009
            ],
            [
              8.4858069,
              49.2878531
            ],
            [
              8.4863999,
              49.2882668
            ],
            [
              8.4871021,
              49.2889054
            ],
            [
              8.4876611,
              49.2894485
            ],
            [
              8.4881227,
              49.2899749
            ],
            [
              8.4886271,
              49.2905775
            ],
            [
              8.4892557,
              49.2913705
            ],
            [
              8.489844,
              49.2934324
            ],
            [
              8.4899288,
              49.2951013
            ],
            [
              8.4899077,
              49.295651
            ],
            [
              8.4898457,
              49.2964276
            ],
            [
              8.4893622,
              49.2984457
            ],
            [
              8.4885328,
              49.3004809
            ],
            [
              8.4861656,
              49.3037677
            ],
            [
              8.4816445,
              49.3069823
            ],
            [
              8.4792756,
              49.30824
            ],
            [
              8.4760636,
              49.3094652
            ],
            [
              8.4753135,
              49.3097492
            ],
            [
              8.4730759,
              49.3102731
            ],
            [
              8.468362,
              49.3114425
            ],
            [
              8.463207,
              49.3120782
            ],
            [
              8.4603675,
              49.3124366
            ],
            [
              8.4565132,
              49.3133099
            ],
            [
              8.4561097,
              49.3135769
            ],
            [
              8.4551953,
              49.3140181
            ],
            [
              8.4544609,
              49.3144278
            ],
            [
              8.4532422,
              49.3152473
            ],
            [
              8.4522399,
              49.3163222
            ],
            [
              8.4516724,
              49.3170031
            ],
            [
              8.4511417,
              49.3177879
            ],
            [
              8.4502369,
              49.320029
            ],
            [
              8.4499291,
              49.320837
            ],
            [
              8.449745,
              49.3219503
            ],
            [
              8.4496531,
              49.3227826
            ],
            [
              8.4496698,
              49.3238829
            ],
            [
              8.4500761,
              49.3258956
            ],
            [
              8.4507354,
              49.3276458
            ],
            [
              8.4513618,
              49.3286536
            ],
            [
              8.4524715,
              49.330051
            ],
            [
              8.4531421,
              49.3307324
            ],
            [
              8.4539391,
              49.3315753
            ],
            [
              8.4548649,
              49.3323342
            ],
            [
              8.4565672,
              49.3335907
            ],
            [
              8.4594645,
              49.3355488
            ],
            [
              8.4600103,
              49.3358623
            ],
            [
              8.4624105,
              49.3372407
            ],
            [
              8.4643132,
              49.3381818
            ],
            [
              8.4667331,
              49.3391455
            ],
            [
              8.4709028,
              49.3407898
            ],
            [
              8.4730386,
              49.3416685
            ],
            [
              8.4740019,
              49.3421467
            ],
            [
              8.4764643,
              49.3433689
            ],
            [
              8.479568,
              49.3452373
            ],
            [
              8.4800205,
              49.3455667
            ],
            [
              8.4812956,
              49.3464949
            ],
            [
              8.485276,
              49.3495588
            ],
            [
              8.4872306,
              49.351833
            ],
            [
              8.4885356,
              49.3537989
            ],
            [
              8.4892627,
              49.3548167
            ],
            [
              8.4951533,
              49.3615325
            ],
            [
              8.4970115,
              49.3635885
            ],
            [
              8.4986642,
              49.3667468
            ],
            [
              8.4998414,
              49.3698003
            ],
            [
              8.5003509,
              49.3729162
            ],
            [
              8.5003907,
              49.3767393
            ],
            [
              8.500494,
              49.3786085
            ],
            [
              8.5014,
              49.3840597
            ],
            [
              8.5014934,
              49.3873258
            ],
            [
              8.5013817,
              49.3888019
            ],
            [
              8.5011974,
              49.3894343
            ],
            [
              8.4982652,
              49.3960055
            ],
            [
              8.4980623,
              49.3964639
            ],
            [
              8.4970748,
              49.3986956
            ],
            [
              8.4959716,
              49.4016126
            ],
            [
              8.4956014,
              49.404239
            ],
            [
              8.4954353,
              49.4050629
            ],
            [
              8.4954432,
              49.4060075
            ],
            [
              8.4959244,
              49.4087663
            ],
            [
              8.4968263,
              49.4117021
            ],
            [
              8.4980072,
              49.4144133
            ],
            [
              8.5002493,
              49.419057
            ],
            [
              8.502913,
              49.4222998
            ],
            [
              8.503315,
              49.4228335
            ],
            [
              8.5063214,
              49.4271757
            ],
            [
              8.5077405,
              49.4293434
            ],
            [
              8.5086273,
              49.4310634
            ],
            [
              8.5090014,
              49.434163
            ],
            [
              8.5088378,
              49.4350894
            ],
            [
              8.507858,
              49.4373541
            ],
            [
              8.5064101,
              49.4390949
            ],
            [
              8.5046709,
              49.4406872
            ],
            [
              8.5017591,
              49.4421503
            ],
            [
              8.5001127,
              49.4427643
            ],
            [
              8.4990376,
              49.4431139
            ],
            [
              8.4957388,
              49.4436599
            ],
            [
              8.4931612,
              49.4440067
            ],
            [
              8.4870532,
              49.4443185
            ],
            [
              8.4822265,
              49.4440706
            ],
            [
              8.4777319,
              49.4437398
            ],
            [
              8.4723403,
              49.4430597
            ],
            [
              8.4688094,
              49.4428278
            ],
            [
              8.4628775,
              49.4427833
            ],
            [
              8.4570431,
              49.4430354
            ],
            [
              8.4543969,
              49.4434413
            ],
            [
              8.4507786,
              49.4443813
            ],
            [
              8.4461469,
              49.4464107
            ],
            [
              8.4448832,
              49.447386
            ],
            [
              8.4447164,
              49.4475518
            ],
            [
              8.4425419,
              49.4497135
            ],
            [
              8.4417359,
              49.451594
            ],
            [
              8.4414387,
              49.4547217
            ],
            [
              8.4431416,
              49.458035
            ],
            [
              8.444705,
              49.4595085
            ],
            [
              8.4461245,
              49.4604716
            ],
            [
              8.4503759,
              49.4621206
            ],
            [
              8.4575301,
              49.4637878
            ],
            [
              8.4596344,
              49.4644131
            ],
            [
              8.4623846,
              49.4661234
            ],
            [
              8.4630045,
              49.4668372
            ],
            [
              8.4638349,
              49.4682986
            ],
            [
              8.4641772,
              49.4699138
            ],
            [
              8.4638719,
              49.471531
            ],
            [
              8.4630731,
              49.4728678
            ],
            [
              8.461509,
              49.4755326
            ],
            [
              8.4595633,
              49.4780555
            ],
            [
              8.4565884,
              49.4808549
            ],
            [
              8.4563123,
              49.4810729
            ],
            [
              8.4548102,
              49.4822168
            ],
            [
              8.4515034,
              49.4849765
            ],
            [
              8.4464601,
              49.4887445
            ],
            [
              8.4454668,
              49.4896742
            ],
            [
              8.4430206,
              49.4924134
            ],
            [
              8.4421343,
              49.4937992
            ],
            [
              8.4400278,
              49.5012666
            ],
            [
              8.4383041,
              49.505121
            ],
            [
              8.4364555,
              49.5099681
            ],
            [
              8.4355211,
              49.5124023
            ],
            [
              8.4349612,
              49.5137187
            ],
            [
              8.4329415,
              49.5186796
            ],
            [
              8.4292929,
              49.5273107
            ],
            [
              8.4255008,
              49.535917
            ],
            [
              8.4227736,
              49.5423957
            ],
            [
              8.422397,
              49.5432854
            ],
            [
              8.4217849,
              49.5442335
            ],
            [
              8.4181203,
              49.5489369
            ],
            [
              8.4175768,
              49.5496386
            ],
            [
              8.4152862,
              49.552606
            ],
            [
              8.413988,
              49.5544672
            ],
            [
              8.4134413,
              49.5567259
            ],
            [
              8.4134657,
              49.559136
            ],
            [
              8.4139252,
              49.5621491
            ],
            [
              8.4146091,
              49.5644656
            ],
            [
              8.4172516,
              49.5683091
            ],
            [
              8.4200064,
              49.5707299
            ],
            [
              8.4224155,
              49.5731708
            ],
            [
              8.4241202,
              49.5776612
            ],
            [
              8.4243978,
              49.5785839
            ],
            [
              8.4248113,
              49.5800839
            ],
            [
              8.4245719,
              49.5815595
            ],
            [
              8.4234723,
              49.5836559
            ],
            [
              8.4215839,
              49.5858151
            ],
            [
              8.4163605,
              49.5916197
            ],
            [
              8.4152782,
              49.5929399
            ],
            [
              8.4138026,
              49.5949437
            ],
            [
              8.4136132,
              49.5953633
            ],
            [
              8.413585,
              49.5954258
            ],
            [
              8.4115011,
              49.6000425
            ],
            [
              8.4099658,
              49.6030848
            ],
            [
              8.4067516,
              49.6074383
            ],
            [
              8.406088,
              49.6081793
            ],
            [
              8.4050472,
              49.6089905
            ],
            [
              8.4038291,
              49.6098068
            ],
            [
              8.4017999,
              49.6108515
            ],
            [
              8.399732,
              49.6119071
            ],
            [
              8.3954952,
              49.6140842
            ],
            [
              8.3896841,
              49.6176235
            ],
            [
              8.3862033,
              49.6207328
            ],
            [
              8.3829914,
              49.6243195
            ],
            [
              8.3811074,
              49.6272617
            ],
            [
              8.380594,
              49.6284881
            ],
            [
              8.3803924,
              49.6289695
            ],
            [
              8.3800066,
              49.6302974
            ],
            [
              8.3796799,
              49.631148
            ],
            [
              8.3783801,
              49.6347392
            ],
            [
              8.3768376,
              49.6376529
            ],
            [
              8.3760346,
              49.6392859
            ],
            [
              8.3738648,
              49.6464878
            ],
            [
              8.3725718,
              49.6504645
            ],
            [
              8.3711598,
              49.6552674
            ],
            [
              8.370041,
              49.6588949
            ],
            [
              8.3672889,
              49.6622512
            ],
            [
              8.3657584,
              49.6635039
            ],
            [
              8.3638357,
              49.6650211
            ],
            [
              8.3601901,
              49.6692623
            ],
            [
              8.3587149,
              49.6713036
            ],
            [
              8.3583645,
              49.6718184
            ],
            [
              8.3562966,
              49.6750505
            ],
            [
              8.3550175,
              49.6780735
            ],
            [
              8.3546218,
              49.6798373
            ],
            [
              8.3546367,
              49.682137
            ],
            [
              8.3547217,
              49.6829923
            ],
            [
              8.355317,
              49.6888455
            ],
            [
              8.3559981,
              49.6921876
            ],
            [
              8.3578376,
              49.6952114
            ],
            [
              8.360124,
              49.697578
            ],
            [
              8.3640114,
              49.6998973
            ],
            [
              8.368,
              49.7016761
            ],
            [
              8.3714565,
              49.7031449
            ],
            [
              8.3758287,
              49.7047216
            ],
            [
              8.3838672,
              49.707085
            ],
            [
              8.3944193,
              49.7109719
            ],
            [
              8.3960772,
              49.7113652
            ],
            [
              8.4000949,
              49.712217
            ],
            [
              8.4070088,
              49.7132911
            ],
            [
              8.4095235,
              49.7136451
            ],
            [
              8.4197106,
              49.715053
            ],
            [
              8.4229844,
              49.7156008
            ],
            [
              8.4261529,
              49.7162899
            ],
            [
              8.4328248,
              49.7188382
            ],
            [
              8.4352117,
              49.7200915
            ],
            [
              8.4380417,
              49.7218098
            ],
            [
              8.4410829,
              49.7238968
            ],
            [
              8.4444277,
              49.7270366
            ],
            [
              8.4454809,
              49.7282999
            ],
            [
              8.4483236,
              49.7325706
            ],
            [
              8.4501484,
              49.7353118
            ],
            [
              8.4529386,
              49.7397499
            ],
            [
              8.4560607,
              49.7435043
            ],
            [
              8.4611047,
              49.7472783
            ],
            [
              8.4659748,
              49.7500255
            ],
            [
              8.4713844,
              49.7529264
            ],
            [
              8.4743783,
              49.7545776
            ],
            [
              8.4763472,
              49.7558624
            ],
            [
              8.4781759,
              49.7572693
            ],
            [
              8.4791808,
              49.7582127
            ],
            [
              8.4802679,
              49.7593924
            ],
            [
              8.4806546,
              49.7606951
            ],
            [
              8.4807398,
              49.7626634
            ],
            [
              8.4801182,
              49.7644655
            ],
            [
              8.4788029,
              49.7660231
            ],
            [
              8.476836,
              49.7676342
            ],
            [
              8.4747716,
              49.7685697
            ],
            [
              8.4722831,
              49.7691394
            ],
            [
              8.4682946,
              49.7694538
            ],
            [
              8.4622639,
              49.7690139
            ],
            [
              8.4572771,
              49.7683298
            ],
            [
              8.4543417,
              49.7676513
            ],
            [
              8.4486816,
              49.7658417
            ],
            [
              8.4423752,
              49.7653915
            ],
            [
              8.4349617,
              49.7654672
            ],
            [
              8.4276328,
              49.7664938
            ],
            [
              8.4251184,
              49.7669567
            ],
            [
              8.422291,
              49.7682717
            ],
            [
              8.4193468,
              49.7702907
            ],
            [
              8.4167884,
              49.7725794
            ],
            [
              8.4142245,
              49.7756249
            ],
            [
              8.4132318,
              49.7778541
            ],
            [
              8.4125934,
              49.7812274
            ],
            [
              8.4122419,
              49.7845124
            ],
            [
              8.410756,
              49.790032
            ],
            [
              8.4069255,
              49.7961197
            ],
            [
              8.4051993,
              49.7983176
            ],
            [
              8.3978151,
              49.8060003
            ],
            [
              8.396719,
              49.8069831
            ],
            [
              8.3894867,
              49.813172
            ],
            [
              8.3859499,
              49.816182
            ],
            [
              8.3811694,
              49.8203186
            ],
            [
              8.3803126,
              49.8212417
            ],
            [
              8.3772937,
              49.8254533
            ],
            [
              8.376733,
              49.8289137
            ],
            [
              8.3767842,
              49.8300789
            ],
            [
              8.3782295,
              49.8347122
            ],
            [
              8.3796084,
              49.837853
            ],
            [
              8.3804988,
              49.8394056
            ],
            [
              8.3838081,
              49.8442481
            ],
            [
              8.384893,
              49.846206
            ],
            [
              8.3856534,
              49.847843
            ],
            [
              8.3859741,
              49.8503136
            ],
            [
              8.3858282,
              49.8527663
            ],
            [
              8.3846888,
              49.8552857
            ],
            [
              8.3826414,
              49.8575357
            ],
            [
              8.3801105,
              49.8595103
            ],
            [
              8.377108,
              49.8611121
            ],
            [
              8.3749238,
              49.8619467
            ],
            [
              8.3729474,
              49.8625222
            ],
            [
              8.3682224,
              49.863089
            ],
            [
              8.3611863,
              49.863603
            ],
            [
              8.3571083,
              49.8641276
            ],
            [
              8.3549681,
              49.8647742
            ],
            [
              8.3528484,
              49.8661463
            ],
            [
              8.3503432,
              49.8685536
            ],
            [
              8.3457493,
              49.8739935
            ],
            [
              8.3456307,
              49.8741162
            ],
            [
              8.343932,
              49.8764992
            ],
            [
              8.3424277,
              49.8794726
            ],
            [
              8.3413088,
              49.882399
            ],
            [
              8.3411778,
              49.885274
            ],
            [
              8.3415589,
              49.8881048
            ],
            [
              8.3425851,
              49.891436
            ],
            [
              8.3439059,
              49.8939881
            ],
            [
              8.3444718,
              49.8948909
            ],
            [
              8.3498936,
              49.9019503
            ],
            [
              8.3533393,
              49.9068429
            ],
            [
              8.3548551,
              49.9104083
            ],
            [
              8.35535,
              49.9144996
            ],
            [
              8.3545508,
              49.9181787
            ],
            [
              8.3541928,
              49.9194181
            ],
            [
              8.353646,
              49.9208604
            ],
            [
              8.3491506,
              49.9278258
            ],
            [
              8.3469848,
              49.9313862
            ],
            [
              8.3441042,
              49.9362136
            ],
            [
              8.3422611,
              49.939778
            ],
            [
              8.3417858,
              49.9412967
            ],
            [
              8.3415225,
              49.945175
            ],
            [
              8.341463,
              49.9489004
            ],
            [
              8.3410594,
              49.9521533
            ],
            [
              8.3405056,
              49.9540461
            ],
            [
              8.3399871,
              49.9552016
            ],
            [
              8.3366141,
              49.959968
            ],
            [
              8.3346494,
              49.9623885
            ],
            [
              8.332899,
              49.9646117
            ],
            [
              8.3277376,
              49.9691723
            ],
            [
              8.3268068,
              49.9698695
            ],
            [
              8.3256581,
              49.9707299
            ],
            [
              8.3217712,
              49.9739892
            ],
            [
              8.3212611,
              49.974356
            ],
            [
              8.3178728,
              49.9768116
            ],
            [
              8.3086938,
              49.9835441
            ],
            [
              8.3078737,
              49.9841772
            ],
            [
              8.2993001,
              49.988777
            ],
            [
              8.2980303,
              49.9894582
            ],
            [
              8.2939961,
              49.991627
            ],
            [
              8.2907728,
              49.9932374
            ],
            [
              8.2902112,
              49.9936897
            ],
            [
              8.2889983,
              49.9944878
            ],
            [
              8.2877987,
              49.9954519
            ],
            [
              8.2855918,
              49.9971957
            ],
            [
              8.279935,
              50.0028657
            ],
            [
              8.2764886,
              50.0063323
            ],
            [
              8.2763584,
              50.006434
            ],
            [
              8.2750221,
              50.007804
            ],
            [
              8.2733082,
              50.009562
            ],
            [
              8.2721719,
              50.0103829
            ],
            [
              8.2659304,
              50.0145612
            ],
            [
              8.2627746,
              50.016522
            ],
            [
              8.2544769,
              50.0216942
            ],
            [
              8.2541657,
              50.0218755
            ],
            [
              8.2536678,
              50.0221655
            ],
            [
              8.2533612,
              50.022344
            ],
            [
              8.2531699,
              50.0224673
            ],
            [
              8.249531,
              50.0250552
            ],
            [
              8.245544,
              50.0284856
            ],
            [
              8.2441887,
              50.0297289
            ],
            [
              8.2416532,
              50.0318311
            ],
            [
              8.2407916,
              50.0323426
            ],
            [
              8.2366825,
              50.0344258
            ],
            [
              8.2325001,
              50.0356924
            ],
            [
              8.2307804,
              50.0360814
            ],
            [
              8.2270268,
              50.0367912
            ],
            [
              8.2185497,
              50.0376914
            ],
            [
              8.2120955,
              50.0379627
            ],
            [
              8.2041485,
              50.0380413
            ],
            [
              8.1937767,
              50.0368337
            ],
            [
              8.1900583,
              50.0364008
            ],
            [
              8.187973,
              50.036158
            ],
            [
              8.1859015,
              50.0359167
            ],
            [
              8.1855774,
              50.035879
            ],
            [
              8.1785222,
              50.0350253
            ],
            [
              8.1763782,
              50.0345642
            ],
            [
              8.1688655,
              50.0327811
            ],
            [
              8.165111,
              50.0318229
            ],
            [
              8.1634085,
              50.0312503
            ],
            [
              8.1523163,
              50.0280436
            ],
            [
              8.1505984,
              50.0277751
            ],
            [
              8.1452798,
              50.0262522
            ],
            [
              8.1373846,
              50.0245663
            ],
            [
              8.1284683,
              50.0231507
            ],
            [
              8.1239779,
              50.0224899
            ],
            [
              8.1215361,
              50.0220896
            ],
            [
              8.117906,
              50.0214944
            ],
            [
              8.1046398,
              50.015581
            ],
            [
              8.100033,
              50.013566
            ],
            [
              8.0950636,
              50.0113923
            ],
            [
              8.0931955,
              50.0108168
            ],
            [
              8.0866141,
              50.0087893
            ],
            [
              8.0789356,
              50.0069707
            ],
            [
              8.0780381,
              50.0067581
            ],
            [
              8.0710025,
              50.0058414
            ],
            [
              8.0657811,
              50.0055525
            ],
            [
              8.0588513,
              50.005169
            ],
            [
              8.0465123,
              50.0044277
            ],
            [
              8.0391625,
              50.0036691
            ],
            [
              8.03561,
              50.0027737
            ],
            [
              8.0260877,
              49.9987602
            ],
            [
              8.0223379,
              49.9965415
            ],
            [
              8.0218466,
              49.9962095
            ],
            [
              8.0149609,
              49.9926324
            ],
            [
              8.0101915,
              49.9910175
            ],
            [
              8.0062262,
              49.9900054
            ],
            [
              8.0008885,
              49.9888368
            ],
            [
              7.9970935,
              49.988006
            ],
            [
              7.9909118,
              49.9862761
            ],
            [
              7.9843789,
              49.9839373
            ],
            [
              7.975333,
              49.9807229
            ],
            [
              7.9722316,
              49.9796861
            ],
            [
              7.9715219,
              49.9795003
            ],
            [
              7.9642861,
              49.9779726
            ],
            [
              7.9591625,
              49.9770312
            ],
            [
              7.9565036,
              49.97647
            ],
            [
              7.9462257,
              49.9737226
            ],
            [
              7.9383953,
              49.9719211
            ],
            [
              7.9326553,
              49.9716935
            ],
            [
              7.931724,
              49.9716634
            ],
            [
              7.9266756,
              49.9719587
            ],
            [
              7.9182759,
              49.9726945
            ],
            [
              7.9149934,
              49.9729474
            ],
            [
              7.9043835,
              49.9724073
            ],
            [
              7.9031374,
              49.9723925
            ],
            [
              7.8902998,
              49.9727424
            ],
            [
              7.888484,
              49.9727674
            ],
            [
              7.886758,
              49.972879
            ],
            [
              7.8834064,
              49.9731985
            ],
            [
              7.8811696,
              49.9735018
            ],
            [
              7.8794003,
              49.9738437
            ],
            [
              7.8765715,
              49.9746431
            ],
            [
              7.8717028,
              49.9768843
            ],
            [
              7.8711185,
              49.9772172
            ],
            [
              7.8665545,
              49.9807909
            ],
            [
              7.8640897,
              49.9843046
            ],
            [
              7.8633285,
              49.986044
            ],
            [
              7.862527,
              49.9880793
            ],
            [
              7.8623386,
              49.9885575
            ],
            [
              7.8610988,
              49.9931066
            ],
            [
              7.8602549,
              49.9954546
            ],
            [
              7.8599894,
              49.9960131
            ],
            [
              7.8584249,
              49.9993034
            ],
            [
              7.8582346,
              50.0018774
            ],
            [
              7.8585082,
              50.0033871
            ],
            [
              7.8584443,
              50.0049191
            ],
            [
              7.858114,
              50.0066377
            ],
            [
              7.85732,
              50.0082105
            ],
            [
              7.8555565,
              50.0103605
            ],
            [
              7.8523784,
              50.0128203
            ],
            [
              7.8520363,
              50.0130205
            ],
            [
              7.8506058,
              50.0138573
            ],
            [
              7.8490331,
              50.0146088
            ],
            [
              7.8451026,
              50.0162178
            ],
            [
              7.832883,
              50.0204472
            ],
            [
              7.8224503,
              50.0264027
            ],
            [
              7.8153345,
              50.030783
            ],
            [
              7.8123301,
              50.0326186
            ],
            [
              7.8102278,
              50.034146
            ],
            [
              7.8080769,
              50.0358439
            ],
            [
              7.80533,
              50.0380122
            ],
            [
              7.8031878,
              50.0393866
            ],
            [
              7.7990046,
              50.0417559
            ],
            [
              7.7923804,
              50.045069
            ],
            [
              7.791783,
              50.0453844
            ],
            [
              7.7888891,
              50.0468383
            ],
            [
              7.783989,
              50.0500207
            ],
            [
              7.7822257,
              50.0512148
            ],
            [
              7.7816578,
              50.0516794
            ],
            [
              7.7769497,
              50.0553642
            ],
            [
              7.7740412,
              50.0578782
            ],
            [
              7.773773,
              50.0582922
            ],
            [
              7.7734735,
              50.0591705
            ],
            [
              7.773603,
              50.0608599
            ],
            [
              7.7736879,
              50.0619681
            ],
            [
              7.7748681,
              50.0657564
            ],
            [
              7.7749245,
              50.0669184
            ],
            [
              7.7749278,
              50.0669787
            ],
            [
              7.7750827,
              50.0701779
            ],
            [
              7.7726316,
              50.0752166
            ],
            [
              7.7711441,
              50.076931
            ],
            [
              7.7708308,
              50.077292
            ],
            [
              7.769079,
              50.0785956
            ],
            [
              7.7641819,
              50.0822395
            ],
            [
              7.7600349,
              50.0865203
            ],
            [
              7.7598462,
              50.0867151
            ],
            [
              7.7563454,
              50.0896653
            ],
            [
              7.7517233,
              50.0936294
            ],
            [
              7.7483349,
              50.0965352
            ],
            [
              7.7478785,
              50.0969266
            ],
            [
              7.7461574,
              50.0983206
            ],
            [
              7.7451792,
              50.0991129
            ],
            [
              7.7433253,
              50.1006143
            ],
            [
              7.7432486,
              50.1006764
            ],
            [
              7.7387666,
              50.1036544
            ],
            [
              7.7353005,
              50.105646
            ],
            [
              7.7289894,
              50.109175
            ],
            [
              7.7282637,
              50.1095808
            ],
            [
              7.7240128,
              50.1122321
            ],
            [
              7.723953,
              50.112296
            ],
            [
              7.7226943,
              50.1136412
            ],
            [
              7.7222793,
              50.1150669
            ],
            [
              7.7224341,
              50.1166696
            ],
            [
              7.7227667,
              50.1173017
            ],
            [
              7.7233654,
              50.1180591
            ],
            [
              7.7250393,
              50.119376
            ],
            [
              7.7253791,
              50.1195532
            ],
            [
              7.7320696,
              50.1230426
            ],
            [
              7.7330637,
              50.1235431
            ],
            [
              7.7332553,
              50.1236414
            ],
            [
              7.7357345,
              50.1249132
            ],
            [
              7.737602,
              50.1260902
            ],
            [
              7.7380162,
              50.1264106
            ],
            [
              7.7389926,
              50.1273093
            ],
            [
              7.7393745,
              50.12817
            ],
            [
              7.7394146,
              50.1291747
            ],
            [
              7.7392549,
              50.1310425
            ],
            [
              7.7380879,
              50.1336403
            ],
            [
              7.736723,
              50.1352498
            ],
            [
              7.7356655,
              50.1359421
            ],
            [
              7.7344001,
              50.1362885
            ],
            [
              7.7303736,
              50.1369861
            ],
            [
              7.7273943,
              50.1377788
            ],
            [
              7.7265162,
              50.1385505
            ],
            [
              7.7262527,
              50.1388951
            ],
            [
              7.7252934,
              50.1401495
            ],
            [
              7.7246727,
              50.1411591
            ],
            [
              7.7244401,
              50.1417567
            ],
            [
              7.7243908,
              50.1418834
            ],
            [
              7.7242327,
              50.1427879
            ],
            [
              7.7242044,
              50.1436877
            ],
            [
              7.7242824,
              50.1444092
            ],
            [
              7.7247252,
              50.1462687
            ],
            [
              7.7249079,
              50.1469836
            ],
            [
              7.7249155,
              50.1474843
            ],
            [
              7.7246731,
              50.1479788
            ],
            [
              7.7240734,
              50.1487094
            ],
            [
              7.7232465,
              50.1495504
            ],
            [
              7.7223307,
              50.1500686
            ],
            [
              7.7199907,
              50.1511731
            ],
            [
              7.7188295,
              50.1516467
            ],
            [
              7.716519,
              50.1525562
            ],
            [
              7.7109449,
              50.1547504
            ],
            [
              7.7100877,
              50.1552403
            ],
            [
              7.7094875,
              50.1557529
            ],
            [
              7.707906,
              50.1571037
            ],
            [
              7.7060453,
              50.1595785
            ],
            [
              7.7012542,
              50.1649928
            ],
            [
              7.7006213,
              50.1653855
            ],
            [
              7.7004989,
              50.1654562
            ],
            [
              7.6965511,
              50.1677351
            ],
            [
              7.6919157,
              50.1693457
            ],
            [
              7.6916191,
              50.1694181
            ],
            [
              7.6898331,
              50.1698544
            ],
            [
              7.6887372,
              50.1699872
            ],
            [
              7.6847559,
              50.1704698
            ],
            [
              7.6758842,
              50.1708319
            ],
            [
              7.6758585,
              50.1708329
            ],
            [
              7.6754897,
              50.1708785
            ],
            [
              7.6702972,
              50.1715209
            ],
            [
              7.6629773,
              50.1729833
            ],
            [
              7.6603963,
              50.1734079
            ],
            [
              7.6599795,
              50.1735056
            ],
            [
              7.6583228,
              50.1739332
            ],
            [
              7.6549826,
              50.1747495
            ],
            [
              7.6542656,
              50.1749247
            ],
            [
              7.6516938,
              50.1756991
            ],
            [
              7.6498171,
              50.1762641
            ],
            [
              7.6478281,
              50.1772827
            ],
            [
              7.6470441,
              50.1776835
            ],
            [
              7.6460991,
              50.1784573
            ],
            [
              7.6453993,
              50.1790266
            ],
            [
              7.6443499,
              50.1805801
            ],
            [
              7.644008,
              50.1825575
            ],
            [
              7.6441438,
              50.1840171
            ],
            [
              7.646297,
              50.1883194
            ],
            [
              7.646768,
              50.1892604
            ],
            [
              7.6467867,
              50.1894249
            ],
            [
              7.646898,
              50.1904048
            ],
            [
              7.6469922,
              50.1912342
            ],
            [
              7.6468474,
              50.1927886
            ],
            [
              7.6463164,
              50.1945111
            ],
            [
              7.645889,
              50.1959343
            ],
            [
              7.6452711,
              50.1989702
            ],
            [
              7.6451053,
              50.199785
            ],
            [
              7.6442925,
              50.2011865
            ],
            [
              7.6440048,
              50.2016876
            ],
            [
              7.643805,
              50.2019348
            ],
            [
              7.6428247,
              50.203148
            ],
            [
              7.6426837,
              50.2032553
            ],
            [
              7.6385145,
              50.2064272
            ],
            [
              7.635883,
              50.2081025
            ],
            [
              7.6350819,
              50.2086125
            ],
            [
              7.6330283,
              50.2096625
            ],
            [
              7.6266054,
              50.2125451
            ],
            [
              7.6249253,
              50.2132991
            ],
            [
              7.6238069,
              50.2139349
            ],
            [
              7.6203069,
              50.2159795
            ],
            [
              7.6180657,
              50.2192311
            ],
            [
              7.6170167,
              50.2216252
            ],
            [
              7.6157597,
              50.2245494
            ],
            [
              7.6156436,
              50.2248196
            ],
            [
              7.6134624,
              50.2276878
            ],
            [
              7.6111828,
              50.2296086
            ],
            [
              7.6098641,
              50.2306152
            ],
            [
              7.6057067,
              50.2326008
            ],
            [
              7.601858,
              50.2334482
            ],
            [
              7.5990139,
              50.2337014
            ],
            [
              7.5980442,
              50.2337602
            ],
            [
              7.5917907,
              50.2337923
            ],
            [
              7.58831,
              50.2339047
            ],
            [
              7.5850684,
              50.234395
            ],
            [
              7.5848749,
              50.2344664
            ],
            [
              7.5827771,
              50.2352408
            ],
            [
              7.582427,
              50.23537
            ],
            [
              7.5808063,
              50.2365286
            ],
            [
              7.5801837,
              50.2369737
            ],
            [
              7.5800161,
              50.2372014
            ],
            [
              7.5786835,
              50.2390119
            ],
            [
              7.5784043,
              50.240866
            ],
            [
              7.5785068,
              50.2415191
            ],
            [
              7.5792064,
              50.243173
            ],
            [
              7.5792717,
              50.2432306
            ],
            [
              7.5818222,
              50.2454799
            ],
            [
              7.5870841,
              50.2483612
            ],
            [
              7.5882779,
              50.2487188
            ],
            [
              7.5910791,
              50.2495579
            ],
            [
              7.5949003,
              50.2501661
            ],
            [
              7.6006015,
              50.2506262
            ],
            [
              7.6102902,
              50.2496561
            ],
            [
              7.614371,
              50.2488993
            ],
            [
              7.6192974,
              50.2478093
            ],
            [
              7.624703,
              50.2465235
            ],
            [
              7.6277296,
              50.246075
            ],
            [
              7.6305118,
              50.2457602
            ],
            [
              7.631428,
              50.2456565
            ],
            [
              7.6355802,
              50.2458771
            ],
            [
              7.6381041,
              50.2462838
            ],
            [
              7.63889,
              50.2464105
            ],
            [
              7.6417637,
              50.2468736
            ],
            [
              7.6464684,
              50.2486032
            ],
            [
              7.647672,
              50.2496155
            ],
            [
              7.6494754,
              50.2511323
            ],
            [
              7.6503359,
              50.251856
            ],
            [
              7.6513671,
              50.2533736
            ],
            [
              7.6522806,
              50.255516
            ],
            [
              7.6524344,
              50.2591266
            ],
            [
              7.6513059,
              50.262255
            ],
            [
              7.6505239,
              50.2636456
            ],
            [
              7.648485,
              50.2671827
            ],
            [
              7.6446412,
              50.2702288
            ],
            [
              7.6422523,
              50.2716531
            ],
            [
              7.6389455,
              50.2733657
            ],
            [
              7.6352197,
              50.2752952
            ],
            [
              7.633756,
              50.2760532
            ],
            [
              7.6298939,
              50.2781435
            ],
            [
              7.6291511,
              50.2784819
            ],
            [
              7.628975,
              50.2785919
            ],
            [
              7.6262263,
              50.2803092
            ],
            [
              7.6234275,
              50.2820578
            ],
            [
              7.6207911,
              50.2837856
            ],
            [
              7.618321,
              50.28542
            ],
            [
              7.6133175,
              50.2883185
            ],
            [
              7.6090448,
              50.2910926
            ],
            [
              7.6083444,
              50.2915473
            ],
            [
              7.6045297,
              50.2949701
            ],
            [
              7.6042631,
              50.2952093
            ],
            [
              7.6018138,
              50.2976694
            ],
            [
              7.600998,
              50.2984887
            ],
            [
              7.5996646,
              50.2998279
            ],
            [
              7.5968425,
              50.3028987
            ],
            [
              7.5956592,
              50.3044661
            ],
            [
              7.5952441,
              50.3051281
            ],
            [
              7.5920079,
              50.3102895
            ],
            [
              7.5914948,
              50.3111426
            ],
            [
              7.5909002,
              50.3124699
            ],
            [
              7.5904433,
              50.3137763
            ],
            [
              7.5892163,
              50.317284
            ],
            [
              7.5889375,
              50.3199952
            ],
            [
              7.5892196,
              50.32211
            ],
            [
              7.5897391,
              50.3233717
            ],
            [
              7.5919348,
              50.3287038
            ],
            [
              7.593285,
              50.33281
            ],
            [
              7.5935223,
              50.3333036
            ],
            [
              7.5935847,
              50.3334237
            ],
            [
              7.5956083,
              50.3373192
            ],
            [
              7.597431,
              50.3414591
            ],
            [
              7.5996403,
              50.3459594
            ],
            [
              7.6000541,
              50.3467002
            ],
            [
              7.6008114,
              50.3480562
            ],
            [
              7.6025234,
              50.3503229
            ],
            [
              7.6039706,
              50.352239
            ],
            [
              7.6046516,
              50.3531407
            ],
            [
              7.6064979,
              50.3558367
            ],
            [
              7.6072872,
              50.3595994
            ],
            [
              7.6079977,
              50.3629858
            ],
            [
              7.6082147,
              50.3642425
            ],
            [
              7.608222,
              50.364276
            ],
            [
              7.6085234,
              50.3656629
            ],
            [
              7.6086903,
              50.3664307
            ],
            [
              7.6114838,
              50.3718063
            ],
            [
              7.6133581,
              50.3758221
            ],
            [
              7.6136642,
              50.3774687
            ],
            [
              7.6130444,
              50.380484
            ],
            [
              7.6126732,
              50.3815851
            ],
            [
              7.6104176,
              50.3850298
            ],
            [
              7.6077091,
              50.3885433
            ],
            [
              7.6072157,
              50.3889991
            ],
            [
              7.5979302,
              50.3950245
            ],
            [
              7.5901656,
              50.3983706
            ],
            [
              7.5862377,
              50.4000633
            ],
            [
              7.5794776,
              50.4036735
            ],
            [
              7.5756354,
              50.4060178
            ],
            [
              7.5728647,
              50.4082408
            ],
            [
              7.5723297,
              50.40867
            ],
            [
              7.5669756,
              50.4130574
            ],
            [
              7.5642926,
              50.4145691
            ],
            [
              7.5569292,
              50.4175061
            ],
            [
              7.5551966,
              50.4180092
            ],
            [
              7.552564,
              50.4187801
            ],
            [
              7.5443073,
              50.4210465
            ],
            [
              7.5420731,
              50.4214565
            ],
            [
              7.53846,
              50.4218652
            ],
            [
              7.5325671,
              50.4219924
            ],
            [
              7.5268156,
              50.4210445
            ],
            [
              7.5260435,
              50.4208031
            ],
            [
              7.5221951,
              50.4195691
            ],
            [
              7.5190143,
              50.4181212
            ],
            [
              7.5163365,
              50.4165912
            ],
            [
              7.514697,
              50.4156806
            ],
            [
              7.5124813,
              50.4148002
            ],
            [
              7.5074988,
              50.4133843
            ],
            [
              7.5034766,
              50.4127197
            ],
            [
              7.4996478,
              50.4121673
            ],
            [
              7.4922513,
              50.411582
            ],
            [
              7.4894164,
              50.4115551
            ],
            [
              7.4815045,
              50.4117359
            ],
            [
              7.4793628,
              50.4118538
            ],
            [
              7.4752665,
              50.4120794
            ],
            [
              7.4718934,
              50.4126494
            ],
            [
              7.4687597,
              50.4133476
            ],
            [
              7.4643605,
              50.4148689
            ],
            [
              7.4624413,
              50.4157229
            ],
            [
              7.4600955,
              50.4170738
            ],
            [
              7.4574936,
              50.4191077
            ],
            [
              7.456387,
              50.4206357
            ],
            [
              7.4543641,
              50.4230254
            ],
            [
              7.452097,
              50.4274078
            ],
            [
              7.4509371,
              50.4293723
            ],
            [
              7.4497472,
              50.4314824
            ],
            [
              7.4452622,
              50.4367736
            ],
            [
              7.4428194,
              50.4392939
            ],
            [
              7.4401183,
              50.4415845
            ],
            [
              7.4365,
              50.4429752
            ],
            [
              7.4333686,
              50.4438673
            ],
            [
              7.4319458,
              50.4442155
            ],
            [
              7.4314699,
              50.4443126
            ],
            [
              7.4307125,
              50.4444586
            ],
            [
              7.4278549,
              50.4447471
            ],
            [
              7.4229744,
              50.4445737
            ],
            [
              7.4210001,
              50.4444182
            ],
            [
              7.4174331,
              50.4441374
            ],
            [
              7.4034862,
              50.4431075
            ],
            [
              7.3994245,
              50.4433934
            ],
            [
              7.3965062,
              50.4438957
            ],
            [
              7.3956281,
              50.4440468
            ],
            [
              7.392697,
              50.444972
            ],
            [
              7.3901757,
              50.4457678
            ],
            [
              7.3827467,
              50.4487077
            ],
            [
              7.381784,
              50.4491822
            ],
            [
              7.3785247,
              50.4507884
            ],
            [
              7.3728117,
              50.4538067
            ],
            [
              7.3722211,
              50.4542205
            ],
            [
              7.3682801,
              50.4569817
            ],
            [
              7.3626117,
              50.4605098
            ],
            [
              7.3603125,
              50.4619408
            ],
            [
              7.3583717,
              50.4632224
            ],
            [
              7.3582393,
              50.4633098
            ],
            [
              7.3552961,
              50.4655527
            ],
            [
              7.351989,
              50.4677626
            ],
            [
              7.3499986,
              50.4693743
            ],
            [
              7.3490852,
              50.4702212
            ],
            [
              7.3485721,
              50.4708746
            ],
            [
              7.3485314,
              50.4709416
            ],
            [
              7.3468518,
              50.4737063
            ],
            [
              7.3468044,
              50.4737566
            ],
            [
              7.3453945,
              50.4752501
            ],
            [
              7.3437351,
              50.4767739
            ],
            [
              7.3422939,
              50.4780973
            ],
            [
              7.3417333,
              50.4785868
            ],
            [
              7.3339872,
              50.4853505
            ],
            [
              7.3337112,
              50.4855863
            ],
            [
              7.3297748,
              50.4891968
            ],
            [
              7.3254754,
              50.4925091
            ],
            [
              7.321638,
              50.4952951
            ],
            [
              7.3171156,
              50.4985782
            ],
            [
              7.3160899,
              50.4993228
            ],
            [
              7.3149557,
              50.5002029
            ],
            [
              7.3129507,
              50.5021948
            ],
            [
              7.3078739,
              50.5065829
            ],
            [
              7.3025651,
              50.5120514
            ],
            [
              7.3003056,
              50.5142236
            ],
            [
              7.2977445,
              50.5182145
            ],
            [
              7.2956045,
              50.5226699
            ],
            [
              7.2932901,
              50.526892
            ],
            [
              7.2918768,
              50.5297429
            ],
            [
              7.2911838,
              50.5311409
            ],
            [
              7.2861786,
              50.5403804
            ],
            [
              7.2842987,
              50.5435322
            ],
            [
              7.2835819,
              50.5455573
            ],
            [
              7.2826133,
              50.5482935
            ],
            [
              7.2818659,
              50.5505786
            ],
            [
              7.2801481,
              50.5571515
            ],
            [
              7.2792809,
              50.559919
            ],
            [
              7.2791452,
              50.5603522
            ],
            [
              7.2776249,
              50.5622658
            ],
            [
              7.2757841,
              50.5650466
            ],
            [
              7.2753359,
              50.5656295
            ],
            [
              7.2748352,
              50.5662461
            ],
            [
              7.26973,
              50.5710246
            ],
            [
              7.2674549,
              50.5731521
            ],
            [
              7.2651142,
              50.5748871
            ],
            [
              7.263946,
              50.5754305
            ],
            [
              7.2600175,
              50.5768698
            ],
            [
              7.2579079,
              50.5774371
            ],
            [
              7.2559137,
              50.5779734
            ],
            [
              7.2557654,
              50.5780133
            ],
            [
              7.2527232,
              50.578619
            ],
            [
              7.2483583,
              50.5790579
            ],
            [
              7.2418708,
              50.579508
            ],
            [
              7.2326868,
              50.580713
            ],
            [
              7.2280968,
              50.5814403
            ],
            [
              7.2230006,
              50.5825263
            ],
            [
              7.2198377,
              50.5841648
            ],
            [
              7.2162276,
              50.5865728
            ],
            [
              7.2150411,
              50.5874511
            ],
            [
              7.2125309,
              50.5897476
            ],
            [
              7.2116586,
              50.5909818
            ],
            [
              7.210977,
              50.5919463
            ],
            [
              7.2100336,
              50.5945721
            ],
            [
              7.2105822,
              50.5975903
            ],
            [
              7.2108355,
              50.5978787
            ],
            [
              7.2126656,
              50.5999617
            ],
            [
              7.2136531,
              50.6014206
            ],
            [
              7.2137957,
              50.6016313
            ],
            [
              7.2142206,
              50.6030838
            ],
            [
              7.2137228,
              50.612097
            ],
            [
              7.213369,
              50.6166086
            ],
            [
              7.212874,
              50.6209945
            ],
            [
              7.2128729,
              50.6210347
            ],
            [
              7.2126598,
              50.6231772
            ],
            [
              7.211981,
              50.6299994
            ],
            [
              7.212164,
              50.6360645
            ],
            [
              7.2119803,
              50.6389869
            ],
            [
              7.2120363,
              50.6455486
            ],
            [
              7.2114888,
              50.6474884
            ],
            [
              7.2113021,
              50.647957
            ],
            [
              7.2097722,
              50.6516738
            ],
            [
              7.2051872,
              50.6559048
            ],
            [
              7.2024656,
              50.6585357
            ],
            [
              7.2018143,
              50.6593053
            ],
            [
              7.1980867,
              50.6637099
            ],
            [
              7.1976003,
              50.6642229
            ],
            [
              7.1908641,
              50.671382
            ],
            [
              7.1907002,
              50.6715554
            ],
            [
              7.1881919,
              50.6742092
            ],
            [
              7.1847922,
              50.6780519
            ],
            [
              7.1838032,
              50.6791697
            ],
            [
              7.1763417,
              50.6867915
            ],
            [
              7.1753042,
              50.6884732
            ],
            [
              7.173483,
              50.6922331
            ],
            [
              7.1724263,
              50.6944144
            ],
            [
              7.1719645,
              50.6953112
            ],
            [
              7.1718296,
              50.6956048
            ],
            [
              7.1707954,
              50.6975171
            ],
            [
              7.1683086,
              50.7039285
            ],
            [
              7.1648315,
              50.7078086
            ],
            [
              7.1604156,
              50.7115651
            ],
            [
              7.1573992,
              50.7132208
            ],
            [
              7.1542508,
              50.7146465
            ],
            [
              7.1529802,
              50.7152219
            ],
            [
              7.1523437,
              50.715406
            ],
            [
              7.1484987,
              50.7165185
            ],
            [
              7.1435665,
              50.7178539
            ],
            [
              7.142726,
              50.7180622
            ],
            [
              7.1350563,
              50.7193588
            ],
            [
              7.1256819,
              50.7215435
            ],
            [
              7.1238617,
              50.7221754
            ],
            [
              7.1237712,
              50.7222068
            ],
            [
              7.1219295,
              50.7228462
            ],
            [
              7.1188642,
              50.7244643
            ],
            [
              7.116333,
              50.7263263
            ],
            [
              7.1147042,
              50.7278902
            ],
            [
              7.1135418,
              50.7295684
            ],
            [
              7.1132336,
              50.7299952
            ],
            [
              7.112614,
              50.7312748
            ],
            [
              7.1103874,
              50.7382704
            ],
            [
              7.1088087,
              50.742673
            ],
            [
              7.1068744,
              50.747513
            ],
            [
              7.104565,
              50.7517024
            ],
            [
              7.1041107,
              50.7522164
            ],
            [
              7.101099,
              50.7556233
            ],
            [
              7.099583,
              50.7565126
            ],
            [
              7.0972269,
              50.7577177
            ],
            [
              7.0893341,
              50.7605328
            ],
            [
              7.0834037,
              50.7636304
            ],
            [
              7.0782938,
              50.7661766
            ],
            [
              7.0734363,
              50.76808
            ],
            [
              7.0662919,
              50.7709602
            ],
            [
              7.0592893,
              50.7737716
            ],
            [
              7.0540588,
              50.7754984
            ],
            [
              7.0527481,
              50.7760605
            ],
            [
              7.0451702,
              50.7801488
            ],
            [
              7.0431867,
              50.7812833
            ],
            [
              7.0358052,
              50.7854112
            ],
            [
              7.0331411,
              50.7877474
            ],
            [
              7.0314793,
              50.790539
            ],
            [
              7.0295919,
              50.7956948
            ],
            [
              7.0295492,
              50.7965593
            ],
            [
              7.0295373,
              50.7980226
            ],
            [
              7.0295403,
              50.7986965
            ],
            [
              7.0295456,
              50.7998966
            ],
            [
              7.0295919,
              50.803398
            ],
            [
              7.0295651,
              50.8054352
            ],
            [
              7.029549,
              50.8090661
            ],
            [
              7.027854,
              50.8143662
            ],
            [
              7.0256399,
              50.8174667
            ],
            [
              7.0202576,
              50.8216139
            ],
            [
              7.0199093,
              50.8217814
            ],
            [
              7.015901,
              50.8230448
            ],
            [
              7.0090784,
              50.8245482
            ],
            [
              7.0063816,
              50.8246966
            ],
            [
              6.9978852,
              50.8248611
            ],
            [
              6.9925674,
              50.825664
            ],
            [
              6.9889082,
              50.8263374
            ],
            [
              6.9837154,
              50.8288313
            ],
            [
              6.9824025,
              50.8299907
            ],
            [
              6.981468,
              50.8308158
            ],
            [
              6.9806255,
              50.8321111
            ],
            [
              6.9792522,
              50.8350113
            ],
            [
              6.9792091,
              50.8363196
            ],
            [
              6.9791664,
              50.8376131
            ],
            [
              6.9793134,
              50.8396055
            ],
            [
              6.9794058,
              50.8398448
            ],
            [
              6.9799066,
              50.8411242
            ],
            [
              6.9799637,
              50.8412702
            ],
            [
              6.9810538,
              50.8428149
            ],
            [
              6.9833721,
              50.844632
            ],
            [
              6.9872345,
              50.8469353
            ],
            [
              6.9875833,
              50.847116
            ],
            [
              6.9941009,
              50.8494281
            ],
            [
              7.0004295,
              50.8510359
            ],
            [
              7.0019973,
              50.8515685
            ],
            [
              7.0071043,
              50.8539798
            ],
            [
              7.0099796,
              50.8561201
            ],
            [
              7.0111116,
              50.8569873
            ],
            [
              7.0182623,
              50.8626215
            ],
            [
              7.0187428,
              50.8630525
            ],
            [
              7.0199491,
              50.8641347
            ],
            [
              7.0233692,
              50.8669282
            ],
            [
              7.0287336,
              50.8696366
            ],
            [
              7.030077,
              50.8702676
            ],
            [
              7.0325101,
              50.8710991
            ],
            [
              7.039162,
              50.8729948
            ],
            [
              7.0427101,
              50.8743498
            ],
            [
              7.0471872,
              50.8762715
            ],
            [
              7.0509208,
              50.878844
            ],
            [
              7.051909,
              50.8809788
            ],
            [
              7.0519937,
              50.8821745
            ],
            [
              7.051865,
              50.8850986
            ],
            [
              7.0495475,
              50.8884286
            ],
            [
              7.0484757,
              50.8896592
            ],
            [
              7.0471872,
              50.8905132
            ],
            [
              7.0433248,
              50.8924893
            ],
            [
              7.0397762,
              50.8939634
            ],
            [
              7.0368496,
              50.8946395
            ],
            [
              7.0335865,
              50.8947555
            ],
            [
              7.0310489,
              50.8947274
            ],
            [
              7.0294193,
              50.8947094
            ],
            [
              7.02394,
              50.8945769
            ],
            [
              7.0223271,
              50.8945317
            ],
            [
              7.013327,
              50.8940864
            ],
            [
              7.0081814,
              50.8945633
            ],
            [
              7.0030273,
              50.8951421
            ],
            [
              6.9966329,
              50.8968745
            ],
            [
              6.994633,
              50.8975212
            ],
            [
              6.9901793,
              50.8993888
            ],
            [
              6.9886936,
              50.9002307
            ],
            [
              6.9836553,
              50.9034258
            ],
            [
              6.9821287,
              50.9050303
            ],
            [
              6.9771687,
              50.9110986
            ],
            [
              6.9750036,
              50.9141403
            ],
            [
              6.9734417,
              50.9171735
            ],
            [
              6.9732413,
              50.9175476
            ],
            [
              6.9721431,
              50.9196126
            ],
            [
              6.9688667,
              50.9267203
            ],
            [
              6.9683645,
              50.9282693
            ],
            [
              6.9675889,
              50.9307509
            ],
            [
              6.9662073,
              50.934439
            ],
            [
              6.9657213,
              50.9359528
            ],
            [
              6.965639,
              50.936408
            ],
            [
              6.9655815,
              50.9368905
            ],
            [
              6.9657066,
              50.9409023
            ],
            [
              6.965736,
              50.941441
            ],
            [
              6.9657944,
              50.9419161
            ],
            [
              6.9665196,
              50.9460021
            ],
            [
              6.9677423,
              50.9483312
            ],
            [
              6.9689388,
              50.9499887
            ],
            [
              6.972073,
              50.9530315
            ],
            [
              6.9733479,
              50.9538181
            ],
            [
              6.9749337,
              50.9545824
            ],
            [
              6.9752209,
              50.9547208
            ],
            [
              6.9796894,
              50.9568637
            ],
            [
              6.9855194,
              50.9585509
            ],
            [
              6.9893373,
              50.9600342
            ],
            [
              6.9954132,
              50.9632883
            ],
            [
              6.9960478,
              50.9640873
            ],
            [
              6.9964183,
              50.9646832
            ],
            [
              6.9979204,
              50.9676832
            ],
            [
              6.999122,
              50.9700345
            ],
            [
              6.9991649,
              50.97171
            ],
            [
              6.9989429,
              50.9732607
            ],
            [
              6.998022,
              50.9751401
            ],
            [
              6.9958856,
              50.9780796
            ],
            [
              6.9936288,
              50.9794652
            ],
            [
              6.9914854,
              50.9807407
            ],
            [
              6.9896806,
              50.9814646
            ],
            [
              6.9871807,
              50.9822092
            ],
            [
              6.9788561,
              50.9846887
            ],
            [
              6.976806,
              50.9853551
            ],
            [
              6.9718279,
              50.9871381
            ],
            [
              6.9673443,
              50.9898492
            ],
            [
              6.9662489,
              50.9907309
            ],
            [
              6.9638456,
              50.9932971
            ],
            [
              6.9625152,
              50.9969165
            ],
            [
              6.9622285,
              50.9981945
            ],
            [
              6.9622577,
              50.9989692
            ],
            [
              6.9626011,
              51.002156
            ],
            [
              6.9639314,
              51.0051536
            ],
            [
              6.9654528,
              51.0069284
            ],
            [
              6.9662489,
              51.007719
            ],
            [
              6.9694675,
              51.0113102
            ],
            [
              6.9723133,
              51.0148096
            ],
            [
              6.9734171,
              51.0163638
            ],
            [
              6.9741426,
              51.0183182
            ],
            [
              6.9743599,
              51.0202736
            ],
            [
              6.9743169,
              51.0221633
            ],
            [
              6.9736394,
              51.0238032
            ],
            [
              6.9724716,
              51.0257535
            ],
            [
              6.9685663,
              51.0294783
            ],
            [
              6.9655943,
              51.0312643
            ],
            [
              6.9604841,
              51.0339738
            ],
            [
              6.9545777,
              51.0369466
            ],
            [
              6.9447751,
              51.0417084
            ],
            [
              6.943297,
              51.0424114
            ],
            [
              6.9365663,
              51.0457414
            ],
            [
              6.909374,
              51.0591219
            ],
            [
              6.9044177,
              51.0617828
            ],
            [
              6.9018231,
              51.0631325
            ],
            [
              6.8983179,
              51.0647076
            ],
            [
              6.892668,
              51.0669049
            ],
            [
              6.8889765,
              51.0681042
            ],
            [
              6.8862472,
              51.0688359
            ],
            [
              6.8824562,
              51.0697037
            ],
            [
              6.8794662,
              51.0702273
            ],
            [
              6.8758235,
              51.0708151
            ],
            [
              6.8721728,
              51.0713839
            ],
            [
              6.8658556,
              51.0724399
            ],
            [
              6.8633698,
              51.0729141
            ],
            [
              6.8613671,
              51.0735371
            ],
            [
              6.8598827,
              51.074096
            ],
            [
              6.8589436,
              51.0744217
            ],
            [
              6.856736,
              51.0758203
            ],
            [
              6.8558745,
              51.0766268
            ],
            [
              6.8548807,
              51.0775619
            ],
            [
              6.8541358,
              51.0785489
            ],
            [
              6.8535423,
              51.0796192
            ],
            [
              6.8531989,
              51.0805094
            ],
            [
              6.8527866,
              51.0822471
            ],
            [
              6.8527374,
              51.0831295
            ],
            [
              6.8528114,
              51.0840733
            ],
            [
              6.8531888,
              51.0848875
            ],
            [
              6.8536643,
              51.0857156
            ],
            [
              6.8545197,
              51.0867724
            ],
            [
              6.8552605,
              51.0876133
            ],
            [
              6.8567301,
              51.0887578
            ],
            [
              6.8588305,
              51.0900939
            ],
            [
              6.8619465,
              51.0914715
            ],
            [
              6.8716052,
              51.0947064
            ],
            [
              6.8766933,
              51.0967855
            ],
            [
              6.8789473,
              51.0979932
            ],
            [
              6.8806964,
              51.0992146
            ],
            [
              6.8819769,
              51.1005018
            ],
            [
              6.88285,
              51.1018424
            ],
            [
              6.8834745,
              51.1034716
            ],
            [
              6.883862,
              51.1049978
            ],
            [
              6.8837634,
              51.1066276
            ],
            [
              6.8833482,
              51.1082722
            ],
            [
              6.8828489,
              51.1094752
            ],
            [
              6.8822227,
              51.110479
            ],
            [
              6.8808842,
              51.1121478
            ],
            [
              6.8794381,
              51.1136208
            ],
            [
              6.8779234,
              51.114728
            ],
            [
              6.8746762,
              51.1169285
            ],
            [
              6.8745642,
              51.1169903
            ],
            [
              6.8745573,
              51.1169941
            ],
            [
              6.8704397,
              51.1192756
            ],
            [
              6.8634038,
              51.1223512
            ],
            [
              6.8605976,
              51.1236375
            ],
            [
              6.8578099,
              51.1251001
            ],
            [
              6.8561412,
              51.1262647
            ],
            [
              6.8543133,
              51.1275838
            ],
            [
              6.8529066,
              51.1286725
            ],
            [
              6.8523298,
              51.1292043
            ],
            [
              6.8513817,
              51.1300786
            ],
            [
              6.8503707,
              51.1315366
            ],
            [
              6.8494755,
              51.1331928
            ],
            [
              6.8485918,
              51.135567
            ],
            [
              6.8483263,
              51.1370428
            ],
            [
              6.8482497,
              51.1380821
            ],
            [
              6.8484947,
              51.140379
            ],
            [
              6.8493992,
              51.1429028
            ],
            [
              6.8504725,
              51.1452674
            ],
            [
              6.850743,
              51.1457587
            ],
            [
              6.8522392,
              51.1476671
            ],
            [
              6.8549409,
              51.150822
            ],
            [
              6.8573037,
              51.153984
            ],
            [
              6.8574831,
              51.1545113
            ],
            [
              6.857572,
              51.1550732
            ],
            [
              6.8575877,
              51.1558264
            ],
            [
              6.8572877,
              51.1570475
            ],
            [
              6.856666,
              51.1582038
            ],
            [
              6.8557446,
              51.1592777
            ],
            [
              6.854549,
              51.1601849
            ],
            [
              6.8534187,
              51.1608595
            ],
            [
              6.8518193,
              51.1615246
            ],
            [
              6.8508933,
              51.1617884
            ],
            [
              6.8488842,
              51.162338
            ],
            [
              6.8465164,
              51.1626792
            ],
            [
              6.8438448,
              51.1626899
            ],
            [
              6.8413423,
              51.1624925
            ],
            [
              6.8386138,
              51.1618443
            ],
            [
              6.837528,
              51.161466
            ],
            [
              6.835475,
              51.1605995
            ],
            [
              6.8341136,
              51.1597598
            ],
            [
              6.832565,
              51.1588443
            ],
            [
              6.8307201,
              51.1576027
            ],
            [
              6.8294958,
              51.1566341
            ],
            [
              6.8278279,
              51.1550393
            ],
            [
              6.8258884,
              51.1529477
            ],
            [
              6.8242776,
              51.1509512
            ],
            [
              6.8207991,
              51.1472265
            ],
            [
              6.8194481,
              51.1461064
            ],
            [
              6.8178421,
              51.1451144
            ],
            [
              6.8145111,
              51.1437979
            ],
            [
              6.8118051,
              51.1431022
            ],
            [
              6.8086018,
              51.1427615
            ],
            [
              6.8055985,
              51.1427891
            ],
            [
              6.8018506,
              51.1433229
            ],
            [
              6.7988826,
              51.1443944
            ],
            [
              6.7967964,
              51.1456225
            ],
            [
              6.7957306,
              51.1462924
            ],
            [
              6.7943962,
              51.1475587
            ],
            [
              6.7934516,
              51.1490135
            ],
            [
              6.7927975,
              51.1503367
            ],
            [
              6.7924163,
              51.1520523
            ],
            [
              6.792387,
              51.1540991
            ],
            [
              6.7925502,
              51.1550894
            ],
            [
              6.7929167,
              51.1567287
            ],
            [
              6.7938035,
              51.1586404
            ],
            [
              6.7947556,
              51.1602888
            ],
            [
              6.7959873,
              51.1622462
            ],
            [
              6.7967257,
              51.1636869
            ],
            [
              6.7972607,
              51.1649564
            ],
            [
              6.7977331,
              51.1663394
            ],
            [
              6.7979932,
              51.167439
            ],
            [
              6.7981446,
              51.1683704
            ],
            [
              6.7982264,
              51.1697541
            ],
            [
              6.798207,
              51.1708116
            ],
            [
              6.7981859,
              51.1725546
            ],
            [
              6.7978033,
              51.1745448
            ],
            [
              6.7972735,
              51.17599
            ],
            [
              6.7965696,
              51.1775149
            ],
            [
              6.7955543,
              51.1790357
            ],
            [
              6.7941961,
              51.1803707
            ],
            [
              6.7935249,
              51.1809926
            ],
            [
              6.7928032,
              51.1815364
            ],
            [
              6.7903013,
              51.1830907
            ],
            [
              6.7878078,
              51.1842258
            ],
            [
              6.7860409,
              51.184832
            ],
            [
              6.7828601,
              51.185565
            ],
            [
              6.7812804,
              51.185807
            ],
            [
              6.7796879,
              51.1858914
            ],
            [
              6.7771246,
              51.1857766
            ],
            [
              6.7750922,
              51.1855378
            ],
            [
              6.7738948,
              51.185297
            ],
            [
              6.7715728,
              51.1847326
            ],
            [
              6.7696482,
              51.1842055
            ],
            [
              6.7676628,
              51.1836902
            ],
            [
              6.7653922,
              51.1831144
            ],
            [
              6.762622,
              51.1824551
            ],
            [
              6.7601798,
              51.1820002
            ],
            [
              6.7565844,
              51.1814349
            ],
            [
              6.7540595,
              51.1811306
            ],
            [
              6.752444,
              51.1810448
            ],
            [
              6.750981,
              51.1809976
            ],
            [
              6.7493772,
              51.1810081
            ],
            [
              6.7477949,
              51.1810688
            ],
            [
              6.7463495,
              51.1811451
            ],
            [
              6.7444065,
              51.1813828
            ],
            [
              6.7432708,
              51.1815975
            ],
            [
              6.7420343,
              51.1818496
            ],
            [
              6.7408417,
              51.1821554
            ],
            [
              6.7398998,
              51.1824145
            ],
            [
              6.7385886,
              51.1828553
            ],
            [
              6.7377061,
              51.1832289
            ],
            [
              6.7358687,
              51.1841344
            ],
            [
              6.7343134,
              51.1851957
            ],
            [
              6.7330798,
              51.1861732
            ],
            [
              6.7327615,
              51.1865252
            ],
            [
              6.7321391,
              51.1872136
            ],
            [
              6.731673,
              51.1878537
            ],
            [
              6.7312721,
              51.1885064
            ],
            [
              6.7310543,
              51.1889861
            ],
            [
              6.730898,
              51.1893528
            ],
            [
              6.7306343,
              51.1901257
            ],
            [
              6.7303679,
              51.1912002
            ],
            [
              6.7303292,
              51.1921806
            ],
            [
              6.7304048,
              51.1930226
            ],
            [
              6.7307109,
              51.1947318
            ],
            [
              6.7314022,
              51.1970499
            ],
            [
              6.73156,
              51.1978451
            ],
            [
              6.7317256,
              51.198689
            ],
            [
              6.7319195,
              51.2013373
            ],
            [
              6.7317125,
              51.2036394
            ],
            [
              6.7316132,
              51.2068097
            ],
            [
              6.731117,
              51.2086201
            ],
            [
              6.7303576,
              51.210051
            ],
            [
              6.7268019,
              51.2153377
            ],
            [
              6.7231506,
              51.2196823
            ],
            [
              6.7222579,
              51.2214154
            ],
            [
              6.7222932,
              51.2222241
            ],
            [
              6.7224235,
              51.2230556
            ],
            [
              6.7227423,
              51.223781
            ],
            [
              6.7229577,
              51.2244663
            ],
            [
              6.723953,
              51.2257748
            ],
            [
              6.7254224,
              51.2267686
            ],
            [
              6.7272156,
              51.2276534
            ],
            [
              6.7291504,
              51.2282812
            ],
            [
              6.731222,
              51.228698
            ],
            [
              6.7325789,
              51.2288303
            ],
            [
              6.734553,
              51.2288147
            ],
            [
              6.7361885,
              51.2286037
            ],
            [
              6.7389952,
              51.2279573
            ],
            [
              6.7432771,
              51.2263494
            ],
            [
              6.7448715,
              51.2255209
            ],
            [
              6.7489036,
              51.2229759
            ],
            [
              6.7522281,
              51.2213529
            ],
            [
              6.7541447,
              51.2206334
            ],
            [
              6.7561469,
              51.2201822
            ],
            [
              6.7586929,
              51.2199776
            ],
            [
              6.7611826,
              51.2201604
            ],
            [
              6.7628318,
              51.2204921
            ],
            [
              6.7638907,
              51.2208814
            ],
            [
              6.7648246,
              51.2214611
            ],
            [
              6.7655203,
              51.2220442
            ],
            [
              6.7672519,
              51.2241103
            ],
            [
              6.76766,
              51.2248315
            ],
            [
              6.7679156,
              51.2254702
            ],
            [
              6.7684268,
              51.2269286
            ],
            [
              6.7687267,
              51.2279899
            ],
            [
              6.7691826,
              51.2298889
            ],
            [
              6.7694519,
              51.2316305
            ],
            [
              6.7692907,
              51.2331206
            ],
            [
              6.7689197,
              51.2346838
            ],
            [
              6.7678296,
              51.2382045
            ],
            [
              6.7666547,
              51.2401621
            ],
            [
              6.7653793,
              51.2419083
            ],
            [
              6.7630525,
              51.2442723
            ],
            [
              6.7594173,
              51.2470848
            ],
            [
              6.7561499,
              51.248842
            ],
            [
              6.7536179,
              51.2499736
            ],
            [
              6.7504988,
              51.2511924
            ],
            [
              6.7431281,
              51.2530019
            ],
            [
              6.7404335,
              51.2535737
            ],
            [
              6.7294988,
              51.2558318
            ],
            [
              6.7241485,
              51.2570214
            ],
            [
              6.7207113,
              51.2580052
            ],
            [
              6.7163293,
              51.2594273
            ],
            [
              6.7117917,
              51.261416
            ],
            [
              6.7092642,
              51.2627477
            ],
            [
              6.7069252,
              51.2642701
            ],
            [
              6.7055058,
              51.2654022
            ],
            [
              6.7039765,
              51.2670084
            ],
            [
              6.7030314,
              51.2682842
            ],
            [
              6.7023593,
              51.2695647
            ],
            [
              6.7020774,
              51.2708226
            ],
            [
              6.7019185,
              51.2720593
            ],
            [
              6.7019647,
              51.273149
            ],
            [
              6.7021318,
              51.2743033
            ],
            [
              6.7026382,
              51.2755277
            ],
            [
              6.703538,
              51.2772976
            ],
            [
              6.7041448,
              51.2784488
            ],
            [
              6.7049689,
              51.2793301
            ],
            [
              6.7062881,
              51.2807024
            ],
            [
              6.7083099,
              51.2824528
            ],
            [
              6.7083955,
              51.2825236
            ],
            [
              6.7171265,
              51.2896516
            ],
            [
              6.7180544,
              51.290403
            ],
            [
              6.7259402,
              51.2967886
            ],
            [
              6.7277182,
              51.2984623
            ],
            [
              6.7287016,
              51.2995296
            ],
            [
              6.7310048,
              51.3018045
            ],
            [
              6.7329442,
              51.3046077
            ],
            [
              6.7338715,
              51.3067277
            ],
            [
              6.7347826,
              51.3103734
            ],
            [
              6.7354275,
              51.3137206
            ],
            [
              6.7354527,
              51.3155403
            ],
            [
              6.735177,
              51.3175614
            ],
            [
              6.7347882,
              51.3189024
            ],
            [
              6.7335968,
              51.321124
            ],
            [
              6.7327277,
              51.3224046
            ],
            [
              6.7326452,
              51.3225262
            ],
            [
              6.7311216,
              51.3241732
            ],
            [
              6.729045,
              51.3258554
            ],
            [
              6.7273363,
              51.3270142
            ],
            [
              6.7246705,
              51.3287503
            ],
            [
              6.7231208,
              51.329534
            ],
            [
              6.7207319,
              51.3309322
            ],
            [
              6.7173998,
              51.3324946
            ],
            [
              6.7148733,
              51.3336253
            ],
            [
              6.7127619,
              51.3345702
            ],
            [
              6.7117858,
              51.3349486
            ],
            [
              6.7092188,
              51.3359308
            ],
            [
              6.7067088,
              51.3368546
            ],
            [
              6.7043041,
              51.3375908
            ],
            [
              6.7015516,
              51.3384025
            ],
            [
              6.7005358,
              51.3387183
            ],
            [
              6.699132,
              51.3392032
            ],
            [
              6.6965699,
              51.3399835
            ],
            [
              6.685551,
              51.3423066
            ],
            [
              6.6814285,
              51.3432672
            ],
            [
              6.6724984,
              51.3454878
            ],
            [
              6.6651525,
              51.3472417
            ],
            [
              6.6607443,
              51.3485815
            ],
            [
              6.659149,
              51.3494443
            ],
            [
              6.6588146,
              51.3496543
            ],
            [
              6.6575878,
              51.350395
            ],
            [
              6.6556101,
              51.3522925
            ],
            [
              6.6545274,
              51.3539108
            ],
            [
              6.6536944,
              51.3558277
            ],
            [
              6.6535357,
              51.3577473
            ],
            [
              6.6537426,
              51.3590018
            ],
            [
              6.6544125,
              51.3605746
            ],
            [
              6.6557727,
              51.3625287
            ],
            [
              6.6580936,
              51.3645082
            ],
            [
              6.660364,
              51.3655583
            ],
            [
              6.6650551,
              51.36743
            ],
            [
              6.6689804,
              51.3686298
            ],
            [
              6.6731213,
              51.3696989
            ],
            [
              6.6785786,
              51.3708586
            ],
            [
              6.6872711,
              51.3719683
            ],
            [
              6.6935862,
              51.3725364
            ],
            [
              6.7014601,
              51.3728918
            ],
            [
              6.7020201,
              51.3729355
            ],
            [
              6.7049959,
              51.3732617
            ],
            [
              6.7113332,
              51.3744069
            ],
            [
              6.7152191,
              51.3755492
            ],
            [
              6.7210407,
              51.3778216
            ],
            [
              6.7263656,
              51.3804675
            ],
            [
              6.7268604,
              51.3806848
            ],
            [
              6.7299971,
              51.3826951
            ],
            [
              6.7367096,
              51.3874497
            ],
            [
              6.7385918,
              51.3891381
            ],
            [
              6.7439344,
              51.3952897
            ],
            [
              6.7442566,
              51.3957792
            ],
            [
              6.7455414,
              51.4000525
            ],
            [
              6.7455022,
              51.4043409
            ],
            [
              6.7448866,
              51.4069008
            ],
            [
              6.7445976,
              51.4078395
            ],
            [
              6.7429971,
              51.4111562
            ],
            [
              6.7414518,
              51.4131359
            ],
            [
              6.7390351,
              51.4153415
            ],
            [
              6.7354803,
              51.418365
            ],
            [
              6.7327879,
              51.4203688
            ],
            [
              6.7298087,
              51.4225735
            ],
            [
              6.7243622,
              51.4259136
            ],
            [
              6.7226678,
              51.4269527
            ],
            [
              6.7184896,
              51.4294313
            ],
            [
              6.7179109,
              51.4297746
            ],
            [
              6.716058,
              51.4310416
            ],
            [
              6.7153582,
              51.4316504
            ],
            [
              6.7136824,
              51.4336741
            ],
            [
              6.7119341,
              51.4369709
            ],
            [
              6.7114336,
              51.4389994
            ],
            [
              6.711946,
              51.4429724
            ],
            [
              6.7142158,
              51.4465192
            ],
            [
              6.7191507,
              51.4508023
            ],
            [
              6.7213155,
              51.4525161
            ],
            [
              6.7231422,
              51.4550774
            ],
            [
              6.7234071,
              51.4562811
            ],
            [
              6.7237896,
              51.4576476
            ],
            [
              6.723856,
              51.4590232
            ],
            [
              6.7237719,
              51.4598788
            ],
            [
              6.7220159,
              51.4638259
            ],
            [
              6.7191821,
              51.4667367
            ],
            [
              6.7183035,
              51.4673111
            ],
            [
              6.7160384,
              51.4685441
            ],
            [
              6.7124845,
              51.4698343
            ],
            [
              6.7079903,
              51.4707043
            ],
            [
              6.7047628,
              51.4709353
            ],
            [
              6.6962655,
              51.4715111
            ],
            [
              6.6907517,
              51.4723594
            ],
            [
              6.6882735,
              51.4728781
            ],
            [
              6.6847402,
              51.4743181
            ],
            [
              6.6832924,
              51.4752889
            ],
            [
              6.6820139,
              51.4763603
            ],
            [
              6.6812861,
              51.4773671
            ],
            [
              6.6806991,
              51.4784854
            ],
            [
              6.6805978,
              51.4786981
            ],
            [
              6.6800672,
              51.4798472
            ],
            [
              6.6799471,
              51.4809397
            ],
            [
              6.6805346,
              51.4832861
            ],
            [
              6.6818347,
              51.4855052
            ],
            [
              6.6838243,
              51.4872512
            ],
            [
              6.6888624,
              51.4899518
            ],
            [
              6.6957084,
              51.4924215
            ],
            [
              6.703999,
              51.493985
            ],
            [
              6.7098023,
              51.4948667
            ],
            [
              6.7132717,
              51.4955034
            ],
            [
              6.7168564,
              51.4968786
            ],
            [
              6.7189164,
              51.4976689
            ],
            [
              6.7217178,
              51.4998067
            ],
            [
              6.7235284,
              51.5024984
            ],
            [
              6.7243646,
              51.5040597
            ],
            [
              6.724773,
              51.5058585
            ],
            [
              6.7244261,
              51.5085997
            ],
            [
              6.7237207,
              51.5102938
            ],
            [
              6.7228614,
              51.5116452
            ],
            [
              6.7206947,
              51.5141158
            ],
            [
              6.717615,
              51.5165888
            ],
            [
              6.7142729,
              51.5187358
            ],
            [
              6.7115173,
              51.5203987
            ],
            [
              6.7067265,
              51.5223391
            ],
            [
              6.7064059,
              51.522469
            ],
            [
              6.7049681,
              51.5229208
            ],
            [
              6.6932082,
              51.5261666
            ],
            [
              6.689158,
              51.5276866
            ],
            [
              6.6854626,
              51.5295725
            ],
            [
              6.6817055,
              51.5316944
            ],
            [
              6.6783386,
              51.5344847
            ],
            [
              6.6766911,
              51.5365924
            ],
            [
              6.6759354,
              51.5388625
            ],
            [
              6.6757983,
              51.5399796
            ],
            [
              6.6767937,
              51.5448947
            ],
            [
              6.6784403,
              51.5488933
            ],
            [
              6.6799694,
              51.5510327
            ],
            [
              6.6846767,
              51.5570495
            ],
            [
              6.6860936,
              51.5599153
            ],
            [
              6.6873508,
              51.5635732
            ],
            [
              6.6873368,
              51.565749
            ],
            [
              6.6868197,
              51.5680791
            ],
            [
              6.6863766,
              51.568977
            ],
            [
              6.6857084,
              51.5703308
            ],
            [
              6.683636,
              51.5722777
            ],
            [
              6.6814706,
              51.573886
            ],
            [
              6.68101,
              51.5741595
            ],
            [
              6.6782528,
              51.5752567
            ],
            [
              6.6703564,
              51.5770703
            ],
            [
              6.66816,
              51.5776025
            ],
            [
              6.6628891,
              51.5780305
            ],
            [
              6.6567832,
              51.5779593
            ],
            [
              6.6536816,
              51.5777339
            ],
            [
              6.6489163,
              51.5768534
            ],
            [
              6.6438347,
              51.5753634
            ],
            [
              6.6404427,
              51.5740629
            ],
            [
              6.6313034,
              51.5698688
            ],
            [
              6.628727,
              51.5688589
            ],
            [
              6.6250981,
              51.5677311
            ],
            [
              6.620045,
              51.5666987
            ],
            [
              6.6163848,
              51.56638
            ],
            [
              6.6145703,
              51.5664152
            ],
            [
              6.6125028,
              51.5665792
            ],
            [
              6.6092024,
              51.5671907
            ],
            [
              6.6059628,
              51.5682924
            ],
            [
              6.6028484,
              51.5698146
            ],
            [
              6.6016988,
              51.5705977
            ],
            [
              6.6004056,
              51.5716361
            ],
            [
              6.5979408,
              51.5751779
            ],
            [
              6.5975494,
              51.5787803
            ],
            [
              6.5975803,
              51.5792372
            ],
            [
              6.5983192,
              51.5847649
            ],
            [
              6.5985513,
              51.5881697
            ],
            [
              6.5985126,
              51.5895109
            ],
            [
              6.5986019,
              51.5930697
            ],
            [
              6.5977035,
              51.5971432
            ],
            [
              6.5961911,
              51.6016702
            ],
            [
              6.5943299,
              51.6059709
            ],
            [
              6.5890521,
              51.6143717
            ],
            [
              6.5872203,
              51.617646
            ],
            [
              6.5866139,
              51.6205375
            ],
            [
              6.5869938,
              51.6231505
            ],
            [
              6.5877132,
              51.6253789
            ],
            [
              6.5896755,
              51.6278221
            ],
            [
              6.5941082,
              51.631071
            ],
            [
              6.6010052,
              51.6350144
            ],
            [
              6.6032188,
              51.6377834
            ],
            [
              6.6040951,
              51.639063
            ],
            [
              6.6049534,
              51.6437503
            ],
            [
              6.6044542,
              51.6454547
            ],
            [
              6.6042682,
              51.6464638
            ],
            [
              6.6037903,
              51.6481188
            ],
            [
              6.602121,
              51.6504608
            ],
            [
              6.5997848,
              51.6533202
            ],
            [
              6.597981,
              51.6545985
            ],
            [
              6.5952072,
              51.6560598
            ],
            [
              6.5898804,
              51.6582487
            ],
            [
              6.5854914,
              51.6591996
            ],
            [
              6.5835605,
              51.659536
            ],
            [
              6.5767588,
              51.6600419
            ],
            [
              6.5708823,
              51.6598774
            ],
            [
              6.5628489,
              51.6589986
            ],
            [
              6.5566947,
              51.6583055
            ],
            [
              6.5510413,
              51.657977
            ],
            [
              6.5460738,
              51.658097
            ],
            [
              6.5422675,
              51.6585753
            ],
            [
              6.5390234,
              51.6592159
            ],
            [
              6.5330867,
              51.6607029
            ],
            [
              6.5286608,
              51.6615425
            ],
            [
              6.5221276,
              51.6621518
            ],
            [
              6.5161592,
              51.6621114
            ],
            [
              6.5142735,
              51.6619826
            ],
            [
              6.5091659,
              51.6616369
            ],
            [
              6.502572,
              51.6615874
            ],
            [
              6.4999175,
              51.661686
            ],
            [
              6.4962917,
              51.6618558
            ],
            [
              6.4899552,
              51.662836
            ],
            [
              6.4876341,
              51.6634162
            ],
            [
              6.485937,
              51.6640057
            ],
            [
              6.4832945,
              51.6651181
            ],
            [
              6.4809143,
              51.6664734
            ],
            [
              6.4790054,
              51.6679935
            ],
            [
              6.4773577,
              51.6694462
            ],
            [
              6.476393,
              51.6709276
            ],
            [
              6.4757019,
              51.672187
            ],
            [
              6.4734202,
              51.6770618
            ],
            [
              6.472534,
              51.6796616
            ],
            [
              6.4713278,
              51.6850115
            ],
            [
              6.4702169,
              51.6884894
            ],
            [
              6.4688555,
              51.692312
            ],
            [
              6.4658359,
              51.6970264
            ],
            [
              6.4643627,
              51.6989495
            ],
            [
              6.4604042,
              51.7024148
            ],
            [
              6.4572235,
              51.7042807
            ],
            [
              6.4555203,
              51.7051102
            ],
            [
              6.4494842,
              51.7070983
            ],
            [
              6.444011,
              51.7082209
            ],
            [
              6.4329643,
              51.7094752
            ],
            [
              6.4298094,
              51.7098648
            ],
            [
              6.4225626,
              51.7106891
            ],
            [
              6.4176257,
              51.7115724
            ],
            [
              6.4158213,
              51.7122431
            ],
            [
              6.4144623,
              51.7128709
            ],
            [
              6.4115437,
              51.7145734
            ],
            [
              6.4093223,
              51.7168085
            ],
            [
              6.4077883,
              51.7192209
            ],
            [
              6.4076049,
              51.7199281
            ],
            [
              6.4075279,
              51.721588
            ],
            [
              6.4079401,
              51.7240968
            ],
            [
              6.4096358,
              51.726652
            ],
            [
              6.4118453,
              51.7286067
            ],
            [
              6.4163713,
              51.732584
            ],
            [
              6.4200305,
              51.7360236
            ],
            [
              6.4206053,
              51.736695
            ],
            [
              6.422343,
              51.7391334
            ],
            [
              6.4227009,
              51.7427113
            ],
            [
              6.4222654,
              51.7448241
            ],
            [
              6.4198936,
              51.7487031
            ],
            [
              6.4169355,
              51.7512395
            ],
            [
              6.4146689,
              51.752649
            ],
            [
              6.4101447,
              51.7545066
            ],
            [
              6.4065094,
              51.7552161
            ],
            [
              6.4032739,
              51.755456
            ],
            [
              6.4009183,
              51.7556307
            ],
            [
              6.396828,
              51.7556189
            ],
            [
              6.3863678,
              51.7551214
            ],
            [
              6.377069,
              51.7540961
            ],
            [
              6.37209,
              51.7536978
            ],
            [
              6.3640924,
              51.753054
            ],
            [
              6.3575532,
              51.7536957
            ],
            [
              6.3530499,
              51.7543158
            ],
            [
              6.3476998,
              51.7555159
            ],
            [
              6.3438418,
              51.7568985
            ],
            [
              6.3417474,
              51.7576809
            ],
            [
              6.3367915,
              51.7601191
            ],
            [
              6.3328199,
              51.7629633
            ],
            [
              6.3308112,
              51.7647412
            ],
            [
              6.3286091,
              51.7683541
            ],
            [
              6.3269944,
              51.7713466
            ],
            [
              6.3243296,
              51.7770619
            ],
            [
              6.3233199,
              51.7800991
            ],
            [
              6.3221015,
              51.7864568
            ],
            [
              6.3209728,
              51.7889685
            ],
            [
              6.3191677,
              51.792236
            ],
            [
              6.3156759,
              51.7957987
            ],
            [
              6.3144384,
              51.7970038
            ],
            [
              6.3124144,
              51.798981
            ],
            [
              6.3065511,
              51.8036681
            ],
            [
              6.3055897,
              51.8042625
            ],
            [
              6.2998358,
              51.8072796
            ],
            [
              6.2935567,
              51.8094656
            ],
            [
              6.2821623,
              51.813082
            ],
            [
              6.2808064,
              51.8135969
            ],
            [
              6.2699035,
              51.8195566
            ],
            [
              6.2631872,
              51.8232373
            ],
            [
              6.2582859,
              51.8250255
            ],
            [
              6.2558128,
              51.825809
            ],
            [
              6.2492088,
              51.827178
            ],
            [
              6.2442703,
              51.827892
            ],
            [
              6.2404388,
              51.8283762
            ],
            [
              6.2350761,
              51.8288002
            ],
            [
              6.2297337,
              51.8290945
            ],
            [
              6.2263403,
              51.8291982
            ],
            [
              6.2198217,
              51.8293065
            ],
            [
              6.2151544,
              51.8291317
            ],
            [
              6.2116621,
              51.8291889
            ],
            [
              6.2032414,
              51.8294612
            ],
            [
              6.2007877,
              51.8296264
            ],
            [
              6.196963,
              51.8300484
            ],
            [
              6.1911538,
              51.8313026
            ],
            [
              6.187125,
              51.8327861
            ],
            [
              6.1831286,
              51.8343183
            ],
            [
              6.1749152,
              51.8376698
            ],
            [
              6.171306,
              51.8392206
            ],
            [
              6.1665582,
              51.8407212
            ],
            [
              6.1621088,
              51.8418856
            ],
            [
              6.1487721,
              51.8453924
            ],
            [
              6.1418262,
              51.8468687
            ],
            [
              6.1345695,
              51.8478646
            ],
            [
              6.1292547,
              51.8482888
            ],
            [
              6.1202332,
              51.8481428
            ],
            [
              6.1147705,
              51.8480709
            ],
            [
              6.1080213,
              51.8479876
            ],
            [
              6.1055999,
              51.8481526
            ],
            [
              6.1021137,
              51.8485143
            ],
            [
              6.0984859,
              51.8491988
            ],
            [
              6.0944595,
              51.8502241
            ],
            [
              6.0916654,
              51.8511695
            ],
            [
              6.0880178,
              51.8526502
            ],
            [
              6.0868272,
              51.8533724
            ],
            [
              6.080711,
              51.857082
            ],
            [
              6.0793137,
              51.8578089
            ],
            [
              6.069532,
              51.862846
            ],
            [
              6.0646255,
              51.8651316
            ],
            [
              6.057323,
              51.86755
            ],
            [
              6.0541259,
              51.8688541
            ],
            [
              6.0525961,
              51.869254
            ],
            [
              6.0441728,
              51.8714557
            ],
            [
              6.0370455,
              51.8750334
            ],
            [
              6.0341869,
              51.877058
            ],
            [
              6.0328116,
              51.8781775
            ],
            [
              6.0312769,
              51.8794533
            ],
            [
              6.03,
              51.8808
            ],
            [
              6.0273609,
              51.8849471
            ],
            [
              6.0272,
              51.8852
            ],
            [
              6.0249,
              51.8914
            ],
            [
              6.0237436,
              51.8935385
            ],
            [
              6.0228257,
              51.8952602
            ],
            [
              6.019,
              51.8988
            ],
            [
              6.0172258,
              51.8999046
            ],
            [
              6.0136,
              51.9015
            ],
            [
              6.0079,
              51.9034
            ],
            [
              6.0051672,
              51.9042409
            ],
            [
              6.0014,
              51.9054
            ],
            [
              5.9930916,
              51.9092999
            ],
            [
              5.9916,
              51.91
            ],
            [
              5.9880735,
              51.912725
            ],
            [
              5.9872,
              51.9134
            ],
            [
              5.9839965,
              51.9162243
            ],
            [
              5.9838,
              51.9164
            ],
            [
              5.9791,
              51.9214
            ],
            [
              5.9756849,
              51.9236019
            ],
            [
              5.9687,
              51.9281
            ],
            [
              5.966318,
              51.930035
            ],
            [
              5.9639031,
              51.9322634
            ],
            [
              5.9621054,
              51.935787
            ],
            [
              5.9616674,
              51.9386181
            ],
            [
              5.9615,
              51.9397
            ],
            [
              5.9591,
              51.9455
            ],
            [
              5.9574217,
              51.9469496
            ],
            [
              5.9551184,
              51.9489389
            ],
            [
              5.9534701,
              51.9500636
            ],
            [
              5.9514929,
              51.9522059
            ],
            [
              5.9508331,
              51.9529552
            ],
            [
              5.9502063,
              51.9540098
            ],
            [
              5.9499633,
              51.9546522
            ],
            [
              5.9495087,
              51.9563861
            ],
            [
              5.9494348,
              51.957456
            ],
            [
              5.9496,
              51.9590282
            ],
            [
              5.9498014,
              51.960007
            ],
            [
              5.9500284,
              51.960707
            ],
            [
              5.9505064,
              51.9616934
            ],
            [
              5.9513234,
              51.9630288
            ],
            [
              5.9516099,
              51.9634154
            ],
            [
              5.9517823,
              51.9636468
            ],
            [
              5.9534202,
              51.9654546
            ],
            [
              5.9538461,
              51.9657671
            ],
            [
              5.9547146,
              51.9665539
            ],
            [
              5.9557129,
              51.9672502
            ],
            [
              5.956022,
              51.9675273
            ],
            [
              5.9587644,
              51.9691948
            ],
            [
              5.9592206,
              51.9694283
            ],
            [
              5.9594563,
              51.9695489
            ],
            [
              5.960156,
              51.9699071
            ],
            [
              5.9609204,
              51.9702197
            ],
            [
              5.9625685,
              51.9707942
            ],
            [
              5.9643067,
              51.971289
            ],
            [
              5.9664378,
              51.9717819
            ],
            [
              5.9683338,
              51.9720961
            ],
            [
              5.9717717,
              51.9723577
            ],
            [
              5.9742346,
              51.9726151
            ],
            [
              5.9747668,
              51.9727214
            ],
            [
              5.97654,
              51.973071
            ],
            [
              5.9771008,
              51.973194
            ],
            [
              5.9784539,
              51.9735148
            ],
            [
              5.9804884,
              51.9738581
            ],
            [
              5.9821257,
              51.9739751
            ],
            [
              5.9836324,
              51.9740573
            ],
            [
              5.9853577,
              51.9740691
            ],
            [
              5.9883147,
              51.9742158
            ],
            [
              5.9888652,
              51.9742904
            ],
            [
              5.9899768,
              51.974441
            ],
            [
              5.9915633,
              51.9747463
            ],
            [
              5.9928344,
              51.9751083
            ],
            [
              5.9941017,
              51.9755259
            ],
            [
              5.9951443,
              51.9758694
            ],
            [
              5.9968412,
              51.9764988
            ],
            [
              5.997796,
              51.9769165
            ],
            [
              5.9988919,
              51.9774589
            ],
            [
              5.99995,
              51.9781994
            ],
            [
              6.0006877,
              51.9789236
            ],
            [
              6.0009153,
              51.9792023
            ],
            [
              6.001265,
              51.9796307
            ],
            [
              6.0019077,
              51.9804704
            ],
            [
              6.0025312,
              51.9815313
            ],
            [
              6.0031373,
              51.9826797
            ],
            [
              6.0039294,
              51.9839931
            ],
            [
              6.0044853,
              51.9852486
            ],
            [
              6.0047895,
              51.9861907
            ],
            [
              6.0051033,
              51.9877391
            ],
            [
              6.00547,
              51.9890904
            ],
            [
              6.0060123,
              51.9904089
            ],
            [
              6.0065204,
              51.991359
            ],
            [
              6.0072022,
              51.9922272
            ],
            [
              6.0086012,
              51.993559
            ],
            [
              6.0087514,
              51.993702
            ],
            [
              6.0100013,
              51.9945853
            ],
            [
              6.0108676,
              51.995102
            ],
            [
              6.0117058,
              51.9955255
            ],
            [
              6.0119526,
              51.9956446
            ],
            [
              6.0132712,
              51.9962218
            ],
            [
              6.014486,
              51.9966647
            ],
            [
              6.015849,
              51.9970124
            ],
            [
              6.0166955,
              51.9971517
            ],
            [
              6.017818,
              51.9972446
            ],
            [
              6.0193612,
              51.9972183
            ],
            [
              6.0208296,
              51.9970576
            ],
            [
              6.0242974,
              51.996185
            ],
            [
              6.0251887,
              51.9960582
            ],
            [
              6.0259395,
              51.9959514
            ],
            [
              6.0269294,
              51.995937
            ],
            [
              6.0290137,
              51.9960784
            ],
            [
              6.030371,
              51.9962957
            ],
            [
              6.0319201,
              51.9966917
            ],
            [
              6.0330477,
              51.997135
            ],
            [
              6.033737,
              51.9974728
            ],
            [
              6.0360859,
              51.9987901
            ],
            [
              6.036922,
              51.9992079
            ],
            [
              6.0377879,
              51.9995954
            ],
            [
              6.0382118,
              51.9997851
            ],
            [
              6.0398368,
              52.0003693
            ],
            [
              6.0409795,
              52.0008393
            ],
            [
              6.0420357,
              52.0013638
            ],
            [
              6.0425505,
              52.0017115
            ],
            [
              6.0432286,
              52.0022739
            ],
            [
              6.0440263,
              52.0030425
            ],
            [
              6.0447102,
              52.0040004
            ],
            [
              6.0448449,
              52.0042424
            ],
            [
              6.0451812,
              52.0053281
            ],
            [
              6.0453022,
              52.006174
            ],
            [
              6.045311,
              52.0062352
            ],
            [
              6.0454416,
              52.0066995
            ],
            [
              6.0454801,
              52.0068365
            ],
            [
              6.0457219,
              52.0074373
            ],
            [
              6.0459154,
              52.0077149
            ],
            [
              6.0464047,
              52.0083054
            ],
            [
              6.0473066,
              52.0092172
            ],
            [
              6.0483371,
              52.0099575
            ],
            [
              6.0490419,
              52.01034
            ],
            [
              6.0536576,
              52.0121926
            ],
            [
              6.0552926,
              52.0129931
            ],
            [
              6.0575609,
              52.0141029
            ],
            [
              6.0590982,
              52.0146244
            ],
            [
              6.0607779,
              52.0149204
            ],
            [
              6.0622511,
              52.0150468
            ],
            [
              6.0639122,
              52.0150732
            ],
            [
              6.0643991,
              52.0150538
            ],
            [
              6.0661129,
              52.0147318
            ],
            [
              6.0673096,
              52.0144258
            ],
            [
              6.0681418,
              52.0141516
            ],
            [
              6.0685577,
              52.0140042
            ],
            [
              6.068728,
              52.0139433
            ],
            [
              6.0698629,
              52.0134354
            ],
            [
              6.0705799,
              52.0131146
            ],
            [
              6.072491,
              52.0123484
            ],
            [
              6.0742882,
              52.0117627
            ],
            [
              6.0752429,
              52.0113257
            ],
            [
              6.0759362,
              52.0109441
            ],
            [
              6.0765273,
              52.0105451
            ],
            [
              6.0771884,
              52.0099659
            ],
            [
              6.0780774,
              52.0090529
            ],
            [
              6.078657,
              52.0079098
            ],
            [
              6.0788288,
              52.0067744
            ],
            [
              6.0787939,
              52.0064061
            ],
            [
              6.0785344,
              52.0056346
            ],
            [
              6.0777954,
              52.0039851
            ],
            [
              6.0775076,
              52.0028743
            ],
            [
              6.0775368,
              52.0023237
            ],
            [
              6.0778829,
              52.0011622
            ],
            [
              6.0789144,
              52.0000595
            ],
            [
              6.0795954,
              51.9995073
            ],
            [
              6.0809137,
              51.9984478
            ],
            [
              6.0811717,
              51.9981856
            ],
            [
              6.0814066,
              51.9979262
            ],
            [
              6.0816299,
              51.9976796
            ],
            [
              6.082231,
              51.9968961
            ],
            [
              6.0830429,
              51.9958377
            ],
            [
              6.0837468,
              51.9952223
            ],
            [
              6.0844525,
              51.9947237
            ],
            [
              6.0856365,
              51.9940785
            ],
            [
              6.0869094,
              51.9935407
            ],
            [
              6.0877061,
              51.9932753
            ],
            [
              6.0882505,
              51.9931416
            ],
            [
              6.0898855,
              51.9929198
            ],
            [
              6.0911529,
              51.9928261
            ],
            [
              6.0935057,
              51.9927954
            ],
            [
              6.0951062,
              51.9929705
            ],
            [
              6.0981005,
              51.9934196
            ],
            [
              6.1011868,
              51.9940697
            ],
            [
              6.1023064,
              51.9942967
            ],
            [
              6.1068732,
              51.9953153
            ],
            [
              6.1084938,
              51.9959742
            ],
            [
              6.1092836,
              51.9963225
            ],
            [
              6.1095474,
              51.9964287
            ],
            [
              6.110978,
              51.9975525
            ],
            [
              6.1124743,
              51.9991342
            ],
            [
              6.1128806,
              51.9997014
            ],
            [
              6.113053,
              52.0000615
            ],
            [
              6.11344,
              52.0012136
            ],
            [
              6.1134441,
              52.0014652
            ],
            [
              6.1139584,
              52.0026485
            ],
            [
              6.1147022,
              52.0036147
            ],
            [
              6.1153235,
              52.0042041
            ],
            [
              6.116723,
              52.0051841
            ],
            [
              6.1174719,
              52.005557
            ],
            [
              6.1188053,
              52.0060521
            ],
            [
              6.1209718,
              52.0067049
            ],
            [
              6.1224099,
              52.0073779
            ],
            [
              6.1241319,
              52.0084637
            ],
            [
              6.1252682,
              52.0093644
            ],
            [
              6.1265492,
              52.0110821
            ],
            [
              6.1269546,
              52.0118166
            ],
            [
              6.1273486,
              52.01274
            ],
            [
              6.1274656,
              52.0136471
            ],
            [
              6.1274655,
              52.0144701
            ],
            [
              6.1274654,
              52.0153998
            ],
            [
              6.1276761,
              52.0166928
            ],
            [
              6.1278573,
              52.0170782
            ],
            [
              6.1287982,
              52.0184745
            ],
            [
              6.1296794,
              52.019349
            ],
            [
              6.130065,
              52.019802
            ],
            [
              6.1310836,
              52.0209948
            ],
            [
              6.1314882,
              52.0216664
            ],
            [
              6.1319125,
              52.0226524
            ],
            [
              6.1322628,
              52.0244389
            ],
            [
              6.1321553,
              52.0258596
            ],
            [
              6.1319787,
              52.0266338
            ],
            [
              6.1316007,
              52.027562
            ],
            [
              6.131082,
              52.0284327
            ],
            [
              6.1304666,
              52.0294657
            ],
            [
              6.1297091,
              52.0303603
            ],
            [
              6.1278695,
              52.0319089
            ],
            [
              6.1255881,
              52.0331906
            ],
            [
              6.1246944,
              52.0335735
            ],
            [
              6.1237358,
              52.0339842
            ],
            [
              6.1232111,
              52.0341196
            ],
            [
              6.1211369,
              52.0346548
            ],
            [
              6.1178419,
              52.0355145
            ],
            [
              6.1150991,
              52.0364693
            ],
            [
              6.1130671,
              52.0379483
            ],
            [
              6.1116615,
              52.0394431
            ],
            [
              6.110969,
              52.040634
            ],
            [
              6.1108209,
              52.041571
            ],
            [
              6.110784,
              52.0418045
            ],
            [
              6.111278,
              52.0439791
            ],
            [
              6.1121601,
              52.0455934
            ],
            [
              6.113564,
              52.0472529
            ],
            [
              6.1159144,
              52.0488785
            ],
            [
              6.1172087,
              52.0497341
            ],
            [
              6.1199828,
              52.0513466
            ],
            [
              6.1231519,
              52.0526427
            ],
            [
              6.127309,
              52.0537969
            ],
            [
              6.1318878,
              52.0555429
            ],
            [
              6.1322613,
              52.0557273
            ],
            [
              6.1338204,
              52.0565577
            ],
            [
              6.1353466,
              52.0575188
            ],
            [
              6.1386804,
              52.0604496
            ],
            [
              6.1387441,
              52.0605021
            ],
            [
              6.1402859,
              52.0617722
            ],
            [
              6.1415197,
              52.0623968
            ],
            [
              6.1419154,
              52.0625758
            ],
            [
              6.1451883,
              52.0635676
            ],
            [
              6.1468023,
              52.0641865
            ],
            [
              6.1482081,
              52.0649505
            ],
            [
              6.1497045,
              52.066274
            ],
            [
              6.1510963,
              52.0676776
            ],
            [
              6.1517712,
              52.0681253
            ],
            [
              6.154372,
              52.0693909
            ],
            [
              6.1572106,
              52.0708783
            ],
            [
              6.1601512,
              52.0730569
            ],
            [
              6.1624364,
              52.0739956
            ],
            [
              6.1625769,
              52.0740381
            ],
            [
              6.1662716,
              52.0751563
            ],
            [
              6.169322,
              52.0770647
            ],
            [
              6.1707996,
              52.0791658
            ],
            [
              6.1713104,
              52.0803951
            ],
            [
              6.1718717,
              52.0817099
            ],
            [
              6.1723819,
              52.0842436
            ],
            [
              6.1730075,
              52.0865602
            ],
            [
              6.1734832,
              52.0876624
            ],
            [
              6.1745446,
              52.0893015
            ],
            [
              6.1753482,
              52.0899428
            ],
            [
              6.175677,
              52.0901626
            ],
            [
              6.1759503,
              52.0903537
            ],
            [
              6.1769628,
              52.0909677
            ],
            [
              6.1790002,
              52.0914633
            ],
            [
              6.1811692,
              52.0914629
            ],
            [
              6.1856216,
              52.0911153
            ],
            [
              6.187795,
              52.091152
            ],
            [
              6.1925562,
              52.0918054
            ],
            [
              6.1961461,
              52.0930512
            ],
            [
              6.19879,
              52.0936099
            ],
            [
              6.2005743,
              52.0938203
            ],
            [
              6.202261,
              52.0936938
            ],
            [
              6.2038167,
              52.0934104
            ],
            [
              6.2059075,
              52.0926741
            ],
            [
              6.2070554,
              52.0923633
            ],
            [
              6.2083174,
              52.0922309
            ],
            [
              6.2101933,
              52.09236
            ],
            [
              6.2115273,
              52.0927458
            ],
            [
              6.2126131,
              52.0932706
            ],
            [
              6.213735,
              52.093826
            ],
            [
              6.2146886,
              52.0945747
            ],
            [
              6.2169931,
              52.0964508
            ],
            [
              6.2179492,
              52.0978
            ],
            [
              6.2180054,
              52.0979718
            ],
            [
              6.2184094,
              52.0992067
            ],
            [
              6.2184772,
              52.1002572
            ],
            [
              6.2184884,
              52.1010041
            ],
            [
              6.2183581,
              52.1019882
            ],
            [
              6.2181989,
              52.1032356
            ],
            [
              6.2172367,
              52.1056844
            ],
            [
              6.2148736,
              52.1096841
            ],
            [
              6.2138437,
              52.1104946
            ],
            [
              6.2124165,
              52.1116055
            ],
            [
              6.2099227,
              52.1126431
            ],
            [
              6.2079249,
              52.113257
            ],
            [
              6.2043454,
              52.1137803
            ],
            [
              6.2027704,
              52.1139738
            ],
            [
              6.200965,
              52.1140824
            ],
            [
              6.1988474,
              52.1140713
            ],
            [
              6.1941914,
              52.1139193
            ],
            [
              6.1926325,
              52.1141708
            ],
            [
              6.190945,
              52.1145878
            ],
            [
              6.1896783,
              52.115028
            ],
            [
              6.1885223,
              52.1156248
            ],
            [
              6.1874688,
              52.1163919
            ],
            [
              6.1867403,
              52.1170385
            ],
            [
              6.1865475,
              52.1173347
            ],
            [
              6.1860562,
              52.1181494
            ],
            [
              6.1859519,
              52.1183932
            ],
            [
              6.1858781,
              52.1186124
            ],
            [
              6.185608,
              52.1198406
            ],
            [
              6.1855045,
              52.1205232
            ],
            [
              6.1854814,
              52.1212715
            ],
            [
              6.1855182,
              52.1219811
            ],
            [
              6.1855934,
              52.1224967
            ],
            [
              6.1856852,
              52.1228683
            ],
            [
              6.185805,
              52.1233418
            ],
            [
              6.1859346,
              52.1238886
            ],
            [
              6.1861377,
              52.1243369
            ],
            [
              6.186292,
              52.1246345
            ],
            [
              6.1864141,
              52.1248908
            ],
            [
              6.1865361,
              52.1251261
            ],
            [
              6.1869277,
              52.1256563
            ],
            [
              6.1876197,
              52.1265159
            ],
            [
              6.1884029,
              52.1274413
            ],
            [
              6.1891485,
              52.12837
            ],
            [
              6.1896421,
              52.1290945
            ],
            [
              6.190141,
              52.1299672
            ],
            [
              6.1905218,
              52.1308332
            ],
            [
              6.190892,
              52.1317487
            ],
            [
              6.1911334,
              52.1325785
            ],
            [
              6.1911843,
              52.1329223
            ],
            [
              6.1912453,
              52.1333782
            ],
            [
              6.1912621,
              52.1335038
            ],
            [
              6.1913211,
              52.1343797
            ],
            [
              6.1912997,
              52.1352884
            ],
            [
              6.1912164,
              52.1370195
            ],
            [
              6.1910671,
              52.1381236
            ],
            [
              6.1909873,
              52.1387133
            ],
            [
              6.1906258,
              52.1397138
            ],
            [
              6.1904832,
              52.1400764
            ],
            [
              6.1900363,
              52.1409177
            ],
            [
              6.1895381,
              52.1418462
            ],
            [
              6.1893548,
              52.1421711
            ],
            [
              6.1886703,
              52.143404
            ],
            [
              6.1886137,
              52.1435004
            ],
            [
              6.1874713,
              52.1450715
            ],
            [
              6.1872931,
              52.1453477
            ],
            [
              6.1864787,
              52.1466103
            ],
            [
              6.1836705,
              52.1495895
            ],
            [
              6.183005,
              52.150311
            ],
            [
              6.1818177,
              52.1524659
            ],
            [
              6.1817071,
              52.1538738
            ],
            [
              6.1823611,
              52.1554044
            ],
            [
              6.184222,
              52.1589826
            ],
            [
              6.1843378,
              52.1592053
            ],
            [
              6.1849228,
              52.1613831
            ],
            [
              6.1850341,
              52.1618857
            ],
            [
              6.1854488,
              52.1630064
            ],
            [
              6.1857945,
              52.1635433
            ],
            [
              6.1861678,
              52.1639812
            ],
            [
              6.186925,
              52.1646412
            ],
            [
              6.1877101,
              52.1652202
            ],
            [
              6.1898376,
              52.1665414
            ],
            [
              6.1905936,
              52.1670701
            ],
            [
              6.1915089,
              52.1679582
            ],
            [
              6.1925316,
              52.1691602
            ],
            [
              6.1929759,
              52.1698985
            ],
            [
              6.1934313,
              52.1708302
            ],
            [
              6.1940301,
              52.172417
            ],
            [
              6.1942588,
              52.1737457
            ],
            [
              6.1942624,
              52.1747524
            ],
            [
              6.1941407,
              52.1751985
            ],
            [
              6.1940264,
              52.1754461
            ],
            [
              6.1934896,
              52.1764834
            ],
            [
              6.1928459,
              52.1772698
            ],
            [
              6.191853,
              52.1781484
            ],
            [
              6.1914192,
              52.178421
            ],
            [
              6.191377,
              52.1785112
            ],
            [
              6.1901313,
              52.1791578
            ],
            [
              6.1889126,
              52.1796875
            ],
            [
              6.1882291,
              52.1798898
            ],
            [
              6.187457,
              52.1800479
            ],
            [
              6.1837224,
              52.1806327
            ],
            [
              6.1830397,
              52.1807788
            ],
            [
              6.1823558,
              52.1809632
            ],
            [
              6.1817021,
              52.1812013
            ],
            [
              6.1805848,
              52.1816852
            ],
            [
              6.1795996,
              52.1821952
            ],
            [
              6.1780971,
              52.1832209
            ],
            [
              6.1733576,
              52.1867035
            ],
            [
              6.1729148,
              52.1870306
            ],
            [
              6.171501,
              52.1881276
            ],
            [
              6.170836,
              52.1885634
            ],
            [
              6.1692832,
              52.1892479
            ],
            [
              6.1683772,
              52.189444
            ],
            [
              6.1676516,
              52.1896092
            ],
            [
              6.1663822,
              52.1897794
            ],
            [
              6.1650567,
              52.1897914
            ],
            [
              6.1633519,
              52.1896016
            ],
            [
              6.1622369,
              52.1894022
            ],
            [
              6.1614224,
              52.1894108
            ],
            [
              6.1604989,
              52.189596
            ],
            [
              6.1593939,
              52.1899062
            ],
            [
              6.1587545,
              52.1902436
            ],
            [
              6.1586693,
              52.1902885
            ],
            [
              6.1578194,
              52.19104
            ],
            [
              6.1572905,
              52.1917446
            ],
            [
              6.156674,
              52.1926675
            ],
            [
              6.1562364,
              52.1937566
            ],
            [
              6.1561504,
              52.1960214
            ],
            [
              6.1566166,
              52.1974191
            ],
            [
              6.1569913,
              52.1981433
            ],
            [
              6.1574462,
              52.19906
            ],
            [
              6.1581737,
              52.1996844
            ],
            [
              6.1589894,
              52.2001704
            ],
            [
              6.1608752,
              52.2010506
            ],
            [
              6.1626636,
              52.2013178
            ],
            [
              6.1635091,
              52.2013575
            ],
            [
              6.1649458,
              52.2013469
            ],
            [
              6.1674394,
              52.2010547
            ],
            [
              6.169578,
              52.2010475
            ],
            [
              6.1715108,
              52.2011515
            ],
            [
              6.1724931,
              52.2012798
            ],
            [
              6.1741388,
              52.2016913
            ],
            [
              6.1772627,
              52.2029737
            ],
            [
              6.1788804,
              52.2034482
            ],
            [
              6.181421,
              52.203831
            ],
            [
              6.1823849,
              52.2040028
            ],
            [
              6.1842331,
              52.2044154
            ],
            [
              6.1855345,
              52.2049673
            ],
            [
              6.1872361,
              52.2060475
            ],
            [
              6.1883474,
              52.2068178
            ],
            [
              6.1893577,
              52.2077234
            ],
            [
              6.1898951,
              52.208348
            ],
            [
              6.1902222,
              52.2089795
            ],
            [
              6.190663,
              52.2099266
            ],
            [
              6.190831,
              52.2103752
            ],
            [
              6.1909141,
              52.2107057
            ],
            [
              6.1909485,
              52.2108426
            ],
            [
              6.1911568,
              52.2117063
            ],
            [
              6.1910815,
              52.2132078
            ],
            [
              6.1909078,
              52.2141258
            ],
            [
              6.1906602,
              52.2149994
            ],
            [
              6.19008,
              52.2162011
            ],
            [
              6.1897409,
              52.2167673
            ],
            [
              6.1890802,
              52.2174549
            ],
            [
              6.1882353,
              52.2181696
            ],
            [
              6.1877238,
              52.2185247
            ],
            [
              6.185449,
              52.2197895
            ],
            [
              6.1835788,
              52.2207295
            ],
            [
              6.1830926,
              52.2210655
            ],
            [
              6.1824753,
              52.2215845
            ],
            [
              6.1815816,
              52.2225445
            ],
            [
              6.1805031,
              52.2234085
            ],
            [
              6.1792612,
              52.2240466
            ],
            [
              6.177933,
              52.224472
            ],
            [
              6.1751294,
              52.2254495
            ],
            [
              6.1739241,
              52.2259878
            ],
            [
              6.1735185,
              52.2262242
            ],
            [
              6.1730652,
              52.2265031
            ],
            [
              6.1723047,
              52.2271554
            ],
            [
              6.1711491,
              52.2283862
            ],
            [
              6.1697851,
              52.2294937
            ],
            [
              6.1674051,
              52.2305564
            ],
            [
              6.1663478,
              52.2310285
            ],
            [
              6.1658285,
              52.2312608
            ],
            [
              6.1637565,
              52.2323692
            ],
            [
              6.1626037,
              52.2331726
            ],
            [
              6.1614972,
              52.2345095
            ],
            [
              6.1609024,
              52.2359428
            ],
            [
              6.1607506,
              52.2368176
            ],
            [
              6.1609748,
              52.2380531
            ],
            [
              6.1617703,
              52.2397769
            ],
            [
              6.1628773,
              52.2413185
            ],
            [
              6.1637681,
              52.2427932
            ],
            [
              6.1641073,
              52.2434382
            ],
            [
              6.1642428,
              52.2445257
            ],
            [
              6.1641632,
              52.2451806
            ],
            [
              6.163912,
              52.2457243
            ],
            [
              6.1635822,
              52.2462044
            ],
            [
              6.163071,
              52.246754
            ],
            [
              6.1624114,
              52.2473215
            ],
            [
              6.1616207,
              52.2477901
            ],
            [
              6.159932,
              52.2485693
            ],
            [
              6.158417,
              52.2490562
            ],
            [
              6.1580293,
              52.2491994
            ],
            [
              6.1545204,
              52.2500834
            ],
            [
              6.1532081,
              52.2506738
            ],
            [
              6.1524688,
              52.2511962
            ],
            [
              6.1521097,
              52.251439
            ],
            [
              6.1516379,
              52.251817
            ],
            [
              6.1504179,
              52.2527961
            ],
            [
              6.1486904,
              52.2540082
            ],
            [
              6.1472437,
              52.2547701
            ],
            [
              6.1459536,
              52.2554495
            ],
            [
              6.1435461,
              52.256552
            ],
            [
              6.1406303,
              52.2577138
            ],
            [
              6.1379764,
              52.2585922
            ],
            [
              6.135129,
              52.2594526
            ],
            [
              6.132493,
              52.260052
            ],
            [
              6.1300869,
              52.2607167
            ],
            [
              6.1277445,
              52.2615393
            ],
            [
              6.1267898,
              52.262023
            ],
            [
              6.1252848,
              52.2630174
            ],
            [
              6.1244433,
              52.2638206
            ],
            [
              6.1239844,
              52.2644587
            ],
            [
              6.123465,
              52.2655468
            ],
            [
              6.123266,
              52.267953
            ],
            [
              6.1230009,
              52.2692819
            ],
            [
              6.1227799,
              52.26976
            ],
            [
              6.1226336,
              52.2700895
            ],
            [
              6.1222368,
              52.2707584
            ],
            [
              6.1216889,
              52.2714667
            ],
            [
              6.1211134,
              52.272044
            ],
            [
              6.1182635,
              52.2740767
            ],
            [
              6.115749,
              52.2754892
            ],
            [
              6.1154958,
              52.2756314
            ],
            [
              6.1140249,
              52.2765911
            ],
            [
              6.113864,
              52.276731
            ],
            [
              6.1131822,
              52.2773235
            ],
            [
              6.1123687,
              52.2783234
            ],
            [
              6.1116914,
              52.2795097
            ],
            [
              6.1112711,
              52.280739
            ],
            [
              6.1112562,
              52.2819772
            ],
            [
              6.1116364,
              52.2852857
            ],
            [
              6.1116826,
              52.2861135
            ],
            [
              6.111619,
              52.2869273
            ],
            [
              6.1113966,
              52.2876054
            ],
            [
              6.1110993,
              52.2881923
            ],
            [
              6.1107437,
              52.2887554
            ],
            [
              6.1102533,
              52.2893186
            ],
            [
              6.1096407,
              52.2898493
            ],
            [
              6.1091921,
              52.2901953
            ],
            [
              6.1087115,
              52.2905445
            ],
            [
              6.1071037,
              52.2916449
            ],
            [
              6.1066668,
              52.2920064
            ],
            [
              6.1060961,
              52.2926414
            ],
            [
              6.1053452,
              52.2939401
            ],
            [
              6.1051067,
              52.2948133
            ],
            [
              6.1049021,
              52.2958583
            ],
            [
              6.104823,
              52.2962623
            ],
            [
              6.1047002,
              52.296698
            ],
            [
              6.1044318,
              52.2972918
            ],
            [
              6.1041468,
              52.2977902
            ],
            [
              6.1034104,
              52.2985644
            ],
            [
              6.1025134,
              52.2993595
            ],
            [
              6.1021944,
              52.2997112
            ],
            [
              6.1020486,
              52.2999505
            ],
            [
              6.1016824,
              52.3005515
            ],
            [
              6.1014954,
              52.3010354
            ],
            [
              6.101214,
              52.302105
            ],
            [
              6.1011355,
              52.3030435
            ],
            [
              6.1011258,
              52.303577
            ],
            [
              6.1012448,
              52.3044805
            ],
            [
              6.1014769,
              52.3053695
            ],
            [
              6.1017315,
              52.306051
            ],
            [
              6.1020207,
              52.3066699
            ],
            [
              6.1026539,
              52.3080078
            ],
            [
              6.1028439,
              52.3085591
            ],
            [
              6.1029888,
              52.3091973
            ],
            [
              6.1030393,
              52.3099384
            ],
            [
              6.1029544,
              52.3105403
            ],
            [
              6.102854,
              52.3108761
            ],
            [
              6.1026826,
              52.3113805
            ],
            [
              6.1021983,
              52.3123045
            ],
            [
              6.1018106,
              52.3127065
            ],
            [
              6.1007497,
              52.3135842
            ],
            [
              6.0998146,
              52.3142329
            ],
            [
              6.0986642,
              52.3149475
            ],
            [
              6.0964395,
              52.3161402
            ],
            [
              6.0950325,
              52.3172223
            ],
            [
              6.0941095,
              52.3180739
            ],
            [
              6.0927211,
              52.3200199
            ],
            [
              6.0924461,
              52.3209764
            ],
            [
              6.0924123,
              52.3213583
            ],
            [
              6.0924128,
              52.3217208
            ],
            [
              6.0924411,
              52.3221479
            ],
            [
              6.0925375,
              52.3225311
            ],
            [
              6.0931049,
              52.3236705
            ],
            [
              6.0936363,
              52.3246082
            ],
            [
              6.093981,
              52.325629
            ],
            [
              6.0941366,
              52.3266909
            ],
            [
              6.0941253,
              52.3277741
            ],
            [
              6.093882,
              52.3291299
            ],
            [
              6.0938141,
              52.3293849
            ],
            [
              6.0937351,
              52.3300462
            ],
            [
              6.0936147,
              52.3321114
            ],
            [
              6.0937523,
              52.3329699
            ],
            [
              6.0940154,
              52.3339193
            ],
            [
              6.094291,
              52.3345833
            ],
            [
              6.0945034,
              52.3349815
            ],
            [
              6.0949255,
              52.3356511
            ],
            [
              6.0951565,
              52.3360095
            ],
            [
              6.0956034,
              52.3364998
            ],
            [
              6.0961311,
              52.3370474
            ],
            [
              6.0983987,
              52.3385408
            ],
            [
              6.0995888,
              52.339201
            ],
            [
              6.1006378,
              52.339777
            ],
            [
              6.1023404,
              52.3408315
            ],
            [
              6.1026983,
              52.3410954
            ],
            [
              6.1032405,
              52.3415036
            ],
            [
              6.1039288,
              52.3422004
            ],
            [
              6.1045423,
              52.3431498
            ],
            [
              6.1045721,
              52.3435199
            ],
            [
              6.1047079,
              52.3440336
            ],
            [
              6.1047233,
              52.3443257
            ],
            [
              6.1047846,
              52.3449329
            ],
            [
              6.1047981,
              52.3452278
            ],
            [
              6.1047711,
              52.3458556
            ],
            [
              6.1041465,
              52.3469676
            ],
            [
              6.103623,
              52.3478246
            ],
            [
              6.1024838,
              52.3488385
            ],
            [
              6.1012646,
              52.3497971
            ],
            [
              6.0995404,
              52.3510287
            ],
            [
              6.0981058,
              52.3523578
            ],
            [
              6.0962587,
              52.3545877
            ],
            [
              6.0958569,
              52.3552326
            ],
            [
              6.0946503,
              52.3571637
            ],
            [
              6.0942728,
              52.3577193
            ],
            [
              6.0940417,
              52.3580793
            ],
            [
              6.0934933,
              52.3586731
            ],
            [
              6.093092,
              52.3590107
            ],
            [
              6.09249,
              52.3594619
            ],
            [
              6.0918736,
              52.3598404
            ],
            [
              6.0906838,
              52.3604452
            ],
            [
              6.0892268,
              52.3609581
            ],
            [
              6.0877651,
              52.3612696
            ],
            [
              6.0858749,
              52.3615028
            ],
            [
              6.0828182,
              52.3616799
            ],
            [
              6.082054,
              52.361794
            ],
            [
              6.0810727,
              52.3619715
            ],
            [
              6.080115,
              52.3623123
            ],
            [
              6.0791939,
              52.3626495
            ],
            [
              6.0781358,
              52.363556
            ],
            [
              6.0777444,
              52.3643739
            ],
            [
              6.0775956,
              52.3650091
            ],
            [
              6.0773859,
              52.3657833
            ],
            [
              6.0775338,
              52.3670785
            ],
            [
              6.0778179,
              52.3683468
            ],
            [
              6.078152,
              52.3690558
            ],
            [
              6.0784349,
              52.3694745
            ],
            [
              6.0788586,
              52.3699693
            ],
            [
              6.0793394,
              52.3704375
            ],
            [
              6.0805877,
              52.3712948
            ],
            [
              6.0811518,
              52.3715854
            ],
            [
              6.0824135,
              52.3720786
            ],
            [
              6.0828297,
              52.3722128
            ],
            [
              6.0841192,
              52.3725027
            ],
            [
              6.0859455,
              52.3727517
            ],
            [
              6.0881037,
              52.3729106
            ],
            [
              6.0902129,
              52.3730603
            ],
            [
              6.0933112,
              52.3734682
            ],
            [
              6.0952407,
              52.3738183
            ],
            [
              6.0986905,
              52.3745207
            ],
            [
              6.1021482,
              52.3753692
            ],
            [
              6.10519,
              52.3758943
            ],
            [
              6.1064485,
              52.3761116
            ],
            [
              6.1104411,
              52.3767155
            ],
            [
              6.1133205,
              52.3772183
            ],
            [
              6.1150255,
              52.3775727
            ],
            [
              6.1174739,
              52.3781199
            ],
            [
              6.1185056,
              52.3783884
            ],
            [
              6.1197444,
              52.3788646
            ],
            [
              6.1209214,
              52.3794683
            ],
            [
              6.1221774,
              52.3802189
            ],
            [
              6.1228786,
              52.3807017
            ],
            [
              6.1234834,
              52.3812129
            ],
            [
              6.1245353,
              52.3822013
            ],
            [
              6.1248786,
              52.3826153
            ],
            [
              6.1252421,
              52.3831029
            ],
            [
              6.1257915,
              52.384072
            ],
            [
              6.1261007,
              52.3850857
            ],
            [
              6.1261553,
              52.3855385
            ],
            [
              6.1261497,
              52.3864416
            ],
            [
              6.1260035,
              52.3873593
            ],
            [
              6.1251364,
              52.3909553
            ],
            [
              6.1250821,
              52.3919255
            ],
            [
              6.1251236,
              52.3923659
            ],
            [
              6.1251689,
              52.3926404
            ],
            [
              6.1256663,
              52.3937482
            ],
            [
              6.1261414,
              52.3944222
            ],
            [
              6.1264592,
              52.3949042
            ],
            [
              6.1268384,
              52.395352
            ],
            [
              6.1277609,
              52.3962107
            ],
            [
              6.1286928,
              52.397028
            ],
            [
              6.1296724,
              52.3979903
            ],
            [
              6.1301482,
              52.3987777
            ],
            [
              6.130451,
              52.399534
            ],
            [
              6.1305161,
              52.3997033
            ],
            [
              6.1306568,
              52.4000669
            ],
            [
              6.130828,
              52.4009265
            ],
            [
              6.131068,
              52.4025146
            ],
            [
              6.1311376,
              52.4033286
            ],
            [
              6.1312966,
              52.4041084
            ],
            [
              6.1316242,
              52.40507
            ],
            [
              6.1323028,
              52.4066273
            ],
            [
              6.1332343,
              52.4082797
            ],
            [
              6.1337689,
              52.4091786
            ],
            [
              6.1342914,
              52.410054
            ],
            [
              6.1348104,
              52.4111688
            ],
            [
              6.1350926,
              52.4120091
            ],
            [
              6.1351784,
              52.412763
            ],
            [
              6.1351141,
              52.4135451
            ],
            [
              6.1349985,
              52.4141175
            ],
            [
              6.1341014,
              52.4163769
            ],
            [
              6.1330633,
              52.4179585
            ],
            [
              6.1324417,
              52.4188831
            ],
            [
              6.1321711,
              52.419326
            ],
            [
              6.1319187,
              52.4197192
            ],
            [
              6.1309589,
              52.4213855
            ],
            [
              6.1303223,
              52.4226598
            ],
            [
              6.1301349,
              52.4230242
            ],
            [
              6.1294625,
              52.4243718
            ],
            [
              6.1283722,
              52.4256086
            ],
            [
              6.1279574,
              52.4260461
            ],
            [
              6.1269282,
              52.4269175
            ],
            [
              6.1258605,
              52.4277725
            ],
            [
              6.1247464,
              52.4286377
            ],
            [
              6.1220611,
              52.4306486
            ],
            [
              6.1209138,
              52.4316595
            ],
            [
              6.1199376,
              52.4325155
            ],
            [
              6.1193141,
              52.4330548
            ],
            [
              6.1171596,
              52.435035
            ],
            [
              6.1145356,
              52.4375674
            ],
            [
              6.113818,
              52.438152
            ],
            [
              6.1126618,
              52.4389613
            ],
            [
              6.1111543,
              52.4398175
            ],
            [
              6.1096027,
              52.4405608
            ],
            [
              6.1071428,
              52.4414744
            ],
            [
              6.1051796,
              52.4423027
            ],
            [
              6.1044147,
              52.4428626
            ],
            [
              6.1036499,
              52.4435144
            ],
            [
              6.1032109,
              52.4439844
            ],
            [
              6.102637,
              52.444646
            ],
            [
              6.1022638,
              52.445314
            ],
            [
              6.1019352,
              52.4460833
            ],
            [
              6.101814,
              52.4467664
            ],
            [
              6.1018296,
              52.4474654
            ],
            [
              6.1019739,
              52.4480909
            ],
            [
              6.1021463,
              52.4486796
            ],
            [
              6.1024879,
              52.4494159
            ],
            [
              6.103134,
              52.4508911
            ],
            [
              6.10362,
              52.4528254
            ],
            [
              6.1037287,
              52.4540809
            ],
            [
              6.1037066,
              52.4553111
            ],
            [
              6.1035343,
              52.4565041
            ],
            [
              6.1030738,
              52.4581734
            ],
            [
              6.1026608,
              52.4591668
            ],
            [
              6.1021012,
              52.4605916
            ],
            [
              6.1019574,
              52.4613952
            ],
            [
              6.1018294,
              52.4623516
            ],
            [
              6.1018985,
              52.4653581
            ],
            [
              6.101819,
              52.4665026
            ],
            [
              6.1017131,
              52.4669254
            ],
            [
              6.1013782,
              52.4676961
            ],
            [
              6.1009544,
              52.4683607
            ],
            [
              6.1004369,
              52.4690667
            ],
            [
              6.0999519,
              52.4696739
            ],
            [
              6.09902,
              52.470639
            ],
            [
              6.098396,
              52.471191
            ],
            [
              6.0955465,
              52.4733831
            ],
            [
              6.0939637,
              52.4744984
            ],
            [
              6.0896245,
              52.4767528
            ],
            [
              6.0875914,
              52.4775647
            ],
            [
              6.0845122,
              52.4784729
            ],
            [
              6.080667,
              52.479244
            ],
            [
              6.0776963,
              52.4799034
            ],
            [
              6.0757153,
              52.480325
            ],
            [
              6.0739011,
              52.480901
            ],
            [
              6.0713917,
              52.4820009
            ],
            [
              6.069941,
              52.4827451
            ],
            [
              6.068332,
              52.4836932
            ],
            [
              6.0666238,
              52.484822
            ],
            [
              6.065472,
              52.4857919
            ],
            [
              6.0641592,
              52.4872547
            ],
            [
              6.0635805,
              52.4879231
            ],
            [
              6.062744,
              52.4890603
            ],
            [
              6.0620762,
              52.4899732
            ],
            [
              6.0611691,
              52.4913955
            ],
            [
              6.0610203,
              52.4916985
            ],
            [
              6.0598893,
              52.4940017
            ],
            [
              6.058608,
              52.4959233
            ],
            [
              6.0577761,
              52.4969841
            ],
            [
              6.057539,
              52.4972865
            ],
            [
              6.0566271,
              52.4983608
            ],
            [
              6.0562504,
              52.4987066
            ],
            [
              6.0550268,
              52.499568
            ],
            [
              6.0543749,
              52.4999523
            ],
            [
              6.0491435,
              52.5024092
            ],
            [
              6.0462355,
              52.5037864
            ],
            [
              6.0431924,
              52.5051871
            ],
            [
              6.0381202,
              52.5070895
            ],
            [
              6.0299319,
              52.5091729
            ],
            [
              6.0278557,
              52.5096409
            ],
            [
              6.0275764,
              52.5097039
            ],
            [
              6.0234189,
              52.5113015
            ],
            [
              6.0210599,
              52.5124395
            ],
            [
              6.0192516,
              52.5133902
            ],
            [
              6.0176977,
              52.5144606
            ],
            [
              6.0162144,
              52.515684
            ],
            [
              6.0151413,
              52.5169993
            ],
            [
              6.0146053,
              52.5180892
            ],
            [
              6.0144536,
              52.5192715
            ],
            [
              6.0144696,
              52.5202335
            ],
            [
              6.0146107,
              52.5210125
            ],
            [
              6.0150639,
              52.5224415
            ],
            [
              6.0153108,
              52.52297
            ],
            [
              6.0163112,
              52.5241983
            ],
            [
              6.0174552,
              52.5251554
            ],
            [
              6.0188336,
              52.5261166
            ],
            [
              6.0196228,
              52.5267164
            ],
            [
              6.0201145,
              52.5273263
            ],
            [
              6.0202986,
              52.5279748
            ],
            [
              6.0203386,
              52.5285461
            ],
            [
              6.0202618,
              52.5292117
            ],
            [
              6.0198796,
              52.5298911
            ],
            [
              6.0194353,
              52.5303794
            ],
            [
              6.0185281,
              52.5309715
            ],
            [
              6.0178286,
              52.5313712
            ],
            [
              6.0166546,
              52.5317684
            ],
            [
              6.0160756,
              52.5319096
            ],
            [
              6.0153118,
              52.5320036
            ],
            [
              6.0134675,
              52.5321983
            ],
            [
              6.0101159,
              52.5322554
            ],
            [
              6.0077328,
              52.5321523
            ],
            [
              6.005428,
              52.5319061
            ],
            [
              6.001998,
              52.5313352
            ],
            [
              5.9996289,
              52.5306283
            ],
            [
              5.9964185,
              52.5291689
            ],
            [
              5.9924905,
              52.5266755
            ],
            [
              5.9907617,
              52.5255226
            ],
            [
              5.988174,
              52.523811
            ],
            [
              5.9864272,
              52.5230682
            ],
            [
              5.9830798,
              52.5222587
            ],
            [
              5.9805798,
              52.5217488
            ],
            [
              5.9785908,
              52.521047
            ],
            [
              5.9768995,
              52.5200824
            ],
            [
              5.9753159,
              52.5188431
            ],
            [
              5.9738134,
              52.5177391
            ],
            [
              5.9717995,
              52.5167263
            ],
            [
              5.9695711,
              52.516233
            ],
            [
              5.9681926,
              52.5161064
            ],
            [
              5.9668123,
              52.5161255
            ],
            [
              5.9651893,
              52.5163544
            ],
            [
              5.9634315,
              52.5168089
            ],
            [
              5.9613697,
              52.517979
            ],
            [
              5.9597488,
              52.5193666
            ],
            [
              5.9588579,
              52.5204007
            ],
            [
              5.9582684,
              52.5213683
            ],
            [
              5.9578321,
              52.5225117
            ],
            [
              5.9576036,
              52.523517
            ],
            [
              5.9580485,
              52.5262874
            ],
            [
              5.958064,
              52.5269582
            ],
            [
              5.9581038,
              52.5286865
            ],
            [
              5.9575954,
              52.5305703
            ],
            [
              5.957162,
              52.5314798
            ],
            [
              5.9568134,
              52.5323176
            ],
            [
              5.9562701,
              52.5331163
            ],
            [
              5.9555986,
              52.5339379
            ],
            [
              5.9545375,
              52.5347711
            ],
            [
              5.95255,
              52.5360309
            ],
            [
              5.9502441,
              52.5370164
            ],
            [
              5.9425858,
              52.5392164
            ],
            [
              5.9359177,
              52.5402091
            ],
            [
              5.9337431,
              52.5410828
            ],
            [
              5.9322084,
              52.5420013
            ],
            [
              5.9311915,
              52.5427201
            ],
            [
              5.9303586,
              52.5435152
            ],
            [
              5.9296937,
              52.544363
            ],
            [
              5.9292046,
              52.5452539
            ],
            [
              5.9283982,
              52.5473564
            ],
            [
              5.9271809,
              52.5509546
            ],
            [
              5.9264489,
              52.5525375
            ],
            [
              5.9255984,
              52.5540119
            ],
            [
              5.9238812,
              52.5559112
            ],
            [
              5.9204877,
              52.5585659
            ],
            [
              5.9192962,
              52.5597358
            ],
            [
              5.9174884,
              52.5610083
            ],
            [
              5.915517,
              52.5627078
            ],
            [
              5.9151413,
              52.5630071
            ],
            [
              5.9135739,
              52.5641473
            ],
            [
              5.9116515,
              52.565332
            ],
            [
              5.909557,
              52.5662713
            ],
            [
              5.9062336,
              52.5673226
            ],
            [
              5.9028301,
              52.5682693
            ],
            [
              5.8981973,
              52.5691067
            ],
            [
              5.8938909,
              52.5706662
            ],
            [
              5.890024,
              52.5724735
            ],
            [
              5.8880632,
              52.5735324
            ],
            [
              5.8825036,
              52.5763493
            ],
            [
              5.8788867,
              52.5784335
            ],
            [
              5.8767057,
              52.5795625
            ],
            [
              5.8746165,
              52.5803557
            ],
            [
              5.8724961,
              52.5810985
            ],
            [
              5.8704588,
              52.581823
            ],
            [
              5.8681446,
              52.5824132
            ],
            [
              5.8658551,
              52.582969
            ],
            [
              5.8640523,
              52.5831985
            ],
            [
              5.8621172,
              52.5833301
            ],
            [
              5.859071,
              52.5832623
            ],
            [
              5.8576107,
              52.583115
            ],
            [
              5.8542728,
              52.5826022
            ],
            [
              5.8512381,
              52.5819937
            ],
            [
              5.8481141,
              52.5814412
            ],
            [
              5.846478,
              52.5813324
            ],
            [
              5.8451247,
              52.581374
            ],
            [
              5.841785,
              52.5817624
            ],
            [
              5.8394855,
              52.5821689
            ],
            [
              5.83716,
              52.582607
            ],
            [
              5.8344802,
              52.5828881
            ],
            [
              5.8269056,
              52.5831514
            ],
            [
              5.821838,
              52.583225
            ],
            [
              5.80715,
              52.583508
            ],
            [
              5.8037276,
              52.5835708
            ],
            [
              5.7993221,
              52.5835735
            ],
            [
              5.792634,
              52.583508
            ],
            [
              5.7904065,
              52.5834757
            ],
            [
              5.7841387,
              52.5835132
            ],
            [
              5.777735,
              52.5835612
            ]
          ],
          [
            [
              8.6165061,
              47.6782486
            ],
            [
              8.616117,
              47.6785431
            ],
            [
              8.6160975,
              47.6785633
            ],
            [
              8.6160803,
              47.6786054
            ],
            [
              8.6160543,
              47.6786512
            ],
            [
              8.6159086,
              47.6786881
            ],
            [
              8.6158027,
              47.6787048
            ],
            [
              8.6156086,
              47.6787479
            ],
            [
              8.6155561,
              47.6787466
            ],
            [
              8.6154624,
              47.6787443
            ],
            [
              8.6154016,
              47.6787514
            ],
            [
              8.6152966,
              47.6787975
            ],
            [
              8.6152674,
              47.6788102
            ],
            [
              8.6151493,
              47.6788776
            ],
            [
              8.6151043,
              47.6789033
            ],
            [
              8.6150417,
              47.6789738
            ],
            [
              8.6148156,
              47.6790244
            ],
            [
              8.6140709,
              47.6789696
            ],
            [
              8.6136784,
              47.6783883
            ]
          ],
          [
            [
              5.8797109,
              51.8573692
            ],
            [
              5.8745529,
              51.8571179
            ],
            [
              5.8743228,
              51.8571067
            ],
            [
              5.8736327,
              51.8571876
            ],
            [
              5.8731114,
              51.8571515
            ],
            [
              5.8714064,
              51.8570336
            ],
            [
              5.8674607,
              51.8558873
            ],
            [
              5.8620002,
              51.8558777
            ],
            [
              5.8583929,
              51.8554919
            ],
            [
              5.8555734,
              51.8561145
            ],
            [
              5.8535671,
              51.8569096
            ],
            [
              5.8505243,
              51.8581384
            ],
            [
              5.8475817,
              51.860885
            ],
            [
              5.8449568,
              51.8624131
            ],
            [
              5.8400749,
              51.8639515
            ],
            [
              5.8373998,
              51.8643955
            ],
            [
              5.8341433,
              51.8621784
            ]
          ],
          [
            [
              8.117906,
              50.0214944
            ],
            [
              8.1104417,
              50.020161
            ],
            [
              8.1049886,
              50.0191889
            ],
            [
              8.0968464,
              50.0177772
            ],
            [
              8.0955918,
              50.0175799
            ],
            [
              8.0920592,
              50.0170243
            ],
            [
              8.083455,
              50.0151557
            ],
            [
              8.07359,
              50.0125675
            ],
            [
              8.0713836,
              50.0120633
            ],
            [
              8.0669577,
              50.0113026
            ],
            [
              8.0629913,
              50.0111368
            ],
            [
              8.0614227,
              50.0110712
            ],
            [
              8.0581448,
              50.0109342
            ],
            [
              8.0556331,
              50.0107615
            ],
            [
              8.0482974,
              50.009145
            ],
            [
              8.0438393,
              50.0078607
            ],
            [
              8.0402355,
              50.0066761
            ],
            [
              8.0356993,
              50.0045724
            ],
            [
              8.0322515,
              50.0027109
            ],
            [
              8.0317921,
              50.0024628
            ],
            [
              8.0296897,
              50.0011494
            ],
            [
              8.0260877,
              49.9987602
            ]
          ],
          [
            [
              8.2974987,
              47.5892566
            ],
            [
              8.2973676,
              47.5921653
            ],
            [
              8.2973147,
              47.5923727
            ],
            [
              8.2969496,
              47.5933001
            ],
            [
              8.2966581,
              47.5942909
            ],
            [
              8.2962554,
              47.5960624
            ],
            [
              8.2957476,
              47.5975064
            ]
          ],
          [
            [
              8.249531,
              50.0250552
            ],
            [
              8.2440786,
              50.0275117
            ],
            [
              8.2397721,
              50.0292913
            ],
            [
              8.2341931,
              50.0309178
            ],
            [
              8.2306095,
              50.0313707
            ],
            [
              8.228657,
              50.0315794
            ],
            [
              8.221139,
              50.0318692
            ],
            [
              8.2200739,
              50.0319102
            ],
            [
              8.2139753,
              50.0328374
            ],
            [
              8.2128212,
              50.0330129
            ],
            [
              8.2114925,
              50.0332094
            ],
            [
              8.2035247,
              50.0346393
            ],
            [
              8.1978867,
              50.0348598
            ],
            [
              8.187973,
              50.036158
            ]
          ],
          [
            [
              8.171771,
              47.5995309
            ],
            [
              8.1705518,
              47.5995137
            ],
            [
              8.1693834,
              47.5993837
            ],
            [
              8.1678681,
              47.5990939
            ],
            [
              8.1656254,
              47.5987029
            ],
            [
              8.1634187,
              47.5984149
            ],
            [
              8.1596864,
              47.597885
            ],
            [
              8.1574291,
              47.5975252
            ],
            [
              8.1557054,
              47.5972761
            ],
            [
              8.1537183,
              47.5971894
            ],
            [
              8.1516012,
              47.5972208
            ],
            [
              8.15084,
              47.5972282
            ],
            [
              8.1497923,
              47.5972428
            ],
            [
              8.1485127,
              47.5971858
            ],
            [
              8.1478488,
              47.5970839
            ],
            [
              8.1473604,
              47.5969664
            ],
            [
              8.1462131,
              47.596677
            ],
            [
              8.1452659,
              47.5963376
            ],
            [
              8.141628,
              47.5950343
            ],
            [
              8.137909,
              47.5934501
            ],
            [
              8.1368751,
              47.5927186
            ],
            [
              8.1362734,
              47.5920837
            ],
            [
              8.1356919,
              47.5913095
            ],
            [
              8.1352821,
              47.5902069
            ],
            [
              8.1349658,
              47.5889579
            ],
            [
              8.1346609,
              47.5878514
            ],
            [
              8.1337999,
              47.5865967
            ],
            [
              8.1322925,
              47.585035
            ],
            [
              8.1307874,
              47.5841545
            ],
            [
              8.1301442,
              47.5839049
            ],
            [
              8.1291598,
              47.5834584
            ]
          ],
          [
            [
              6.0441728,
              51.8714557
            ],
            [
              6.0411,
              51.8715
            ],
            [
              6.0385662,
              51.8719708
            ],
            [
              6.036242,
              51.8725234
            ],
            [
              6.031875,
              51.8745916
            ],
            [
              6.0284794,
              51.8762778
            ],
            [
              6.0221103,
              51.8796963
            ],
            [
              6.0201346,
              51.8803405
            ],
            [
              6.0152051,
              51.8819445
            ],
            [
              6.0090492,
              51.8821587
            ],
            [
              6.0067612,
              51.8817905
            ],
            [
              6.0025187,
              51.880981
            ],
            [
              5.9964699,
              51.8775552
            ],
            [
              5.9951927,
              51.8765511
            ],
            [
              5.9887082,
              51.8714528
            ],
            [
              5.9873702,
              51.8695988
            ],
            [
              5.9849611,
              51.8662605
            ],
            [
              5.9823387,
              51.8619452
            ],
            [
              5.9807323,
              51.8593017
            ],
            [
              5.9758612,
              51.8559294
            ],
            [
              5.9733032,
              51.8552326
            ],
            [
              5.968153,
              51.8537882
            ],
            [
              5.9624789,
              51.8543235
            ],
            [
              5.9593343,
              51.8554749
            ],
            [
              5.9533254,
              51.8583382
            ],
            [
              5.9498353,
              51.8614718
            ],
            [
              5.9450284,
              51.8657787
            ],
            [
              5.9417044,
              51.868124
            ],
            [
              5.9364217,
              51.8717516
            ],
            [
              5.9330314,
              51.8728694
            ],
            [
              5.9288282,
              51.8737492
            ],
            [
              5.9192246,
              51.8739747
            ],
            [
              5.9137674,
              51.8739687
            ],
            [
              5.9049641,
              51.872651
            ],
            [
              5.9022567,
              51.8721603
            ],
            [
              5.8951488,
              51.8702075
            ],
            [
              5.8923862,
              51.868641
            ],
            [
              5.8858252,
              51.8642264
            ],
            [
              5.8837003,
              51.8618434
            ],
            [
              5.883538,
              51.8616614
            ],
            [
              5.8797109,
              51.8573692
            ],
            [
              5.8767488,
              51.8540469
            ],
            [
              5.8759478,
              51.8534247
            ],
            [
              5.8738748,
              51.8523665
            ],
            [
              5.8727671,
              51.8518011
            ],
            [
              5.8715694,
              51.8515368
            ],
            [
              5.8710093,
              51.8514132
            ],
            [
              5.863858,
              51.8514842
            ],
            [
              5.8601312,
              51.8516471
            ],
            [
              5.8567522,
              51.8523371
            ],
            [
              5.8547451,
              51.8527563
            ],
            [
              5.8521019,
              51.8533065
            ],
            [
              5.8502677,
              51.8541471
            ],
            [
              5.841308,
              51.8582665
            ],
            [
              5.8387572,
              51.8597608
            ],
            [
              5.8341433,
              51.8621784
            ],
            [
              5.8311668,
              51.8637379
            ],
            [
              5.8277455,
              51.8653755
            ],
            [
              5.8269492,
              51.8657535
            ],
            [
              5.8256485,
              51.8663817
            ],
            [
              5.8156468,
              51.8704054
            ],
            [
              5.8087,
              51.8732
            ],
            [
              5.8032312,
              51.8745045
            ],
            [
              5.7978,
              51.8758
            ],
            [
              5.7972,
              51.8759
            ],
            [
              5.7928,
              51.8765
            ],
            [
              5.7890893,
              51.8768511
            ],
            [
              5.7822,
              51.8775
            ],
            [
              5.7750594,
              51.8784078
            ],
            [
              5.7699,
              51.8792
            ],
            [
              5.7632,
              51.8807
            ],
            [
              5.7612288,
              51.8811826
            ],
            [
              5.7559,
              51.8825
            ],
            [
              5.7499,
              51.8839
            ],
            [
              5.7479607,
              51.8841583
            ],
            [
              5.7424,
              51.8849
            ],
            [
              5.737034,
              51.8854118
            ],
            [
              5.733951,
              51.8857971
            ],
            [
              5.73,
              51.8864
            ],
            [
              5.7213,
              51.8885
            ],
            [
              5.7202721,
              51.8888804
            ],
            [
              5.714,
              51.8912
            ],
            [
              5.7070833,
              51.8931794
            ],
            [
              5.7009,
              51.8945
            ],
            [
              5.6931757,
              51.8953321
            ],
            [
              5.6907,
              51.8956
            ],
            [
              5.684,
              51.8957
            ],
            [
              5.6806,
              51.8956
            ],
            [
              5.679154,
              51.8955856
            ],
            [
              5.6734838,
              51.8955213
            ],
            [
              5.6720509,
              51.8955291
            ],
            [
              5.666,
              51.8958
            ],
            [
              5.6645671,
              51.8959194
            ],
            [
              5.66,
              51.8963
            ],
            [
              5.6541,
              51.8969
            ],
            [
              5.650716,
              51.8973784
            ],
            [
              5.6449,
              51.8982
            ],
            [
              5.6415,
              51.8986
            ],
            [
              5.6402,
              51.8987
            ],
            [
              5.6361527,
              51.898964
            ],
            [
              5.6329039,
              51.8991759
            ],
            [
              5.631,
              51.8993
            ],
            [
              5.6267,
              51.8994
            ],
            [
              5.6215991,
              51.8993528
            ],
            [
              5.6159,
              51.8993
            ],
            [
              5.6122,
              51.8992
            ],
            [
              5.6070151,
              51.8991226
            ],
            [
              5.6055,
              51.8991
            ],
            [
              5.6022487,
              51.8991723
            ],
            [
              5.5977508,
              51.8992722
            ],
            [
              5.5965,
              51.8993
            ],
            [
              5.592384,
              51.8995116
            ],
            [
              5.5907,
              51.8996
            ],
            [
              5.5887,
              51.8998
            ],
            [
              5.5854,
              51.9002
            ],
            [
              5.5782297,
              51.901352
            ],
            [
              5.5773,
              51.9015
            ],
            [
              5.5746,
              51.9017
            ],
            [
              5.5681,
              51.9019
            ],
            [
              5.5649,
              51.9018
            ],
            [
              5.5635932,
              51.9016593
            ],
            [
              5.5584,
              51.9011
            ],
            [
              5.553,
              51.9005
            ],
            [
              5.5494448,
              51.8999075
            ],
            [
              5.547,
              51.8995
            ],
            [
              5.5418,
              51.8982
            ],
            [
              5.5413616,
              51.8980709
            ],
            [
              5.5388153,
              51.8972116
            ],
            [
              5.5345071,
              51.8957148
            ],
            [
              5.5327269,
              51.8951046
            ],
            [
              5.5306989,
              51.8943956
            ],
            [
              5.5291255,
              51.8939072
            ],
            [
              5.526705,
              51.8932313
            ],
            [
              5.5244195,
              51.8926206
            ],
            [
              5.5236709,
              51.8924243
            ],
            [
              5.5235564,
              51.892395
            ],
            [
              5.5230682,
              51.892285
            ],
            [
              5.5220488,
              51.8920449
            ],
            [
              5.5213182,
              51.8918757
            ],
            [
              5.5195026,
              51.8914604
            ],
            [
              5.5168828,
              51.8909572
            ],
            [
              5.5165036,
              51.8908782
            ],
            [
              5.5159346,
              51.890763
            ],
            [
              5.5139416,
              51.8904547
            ],
            [
              5.5111674,
              51.8900416
            ],
            [
              5.5092894,
              51.8898064
            ],
            [
              5.509057,
              51.8897773
            ],
            [
              5.5076935,
              51.8896097
            ],
            [
              5.5043432,
              51.889306
            ],
            [
              5.5034437,
              51.8892397
            ],
            [
              5.5019697,
              51.8891195
            ],
            [
              5.501133,
              51.8890756
            ],
            [
              5.5009112,
              51.8890739
            ],
            [
              5.5002944,
              51.8890598
            ],
            [
              5.4996798,
              51.889024
            ],
            [
              5.4988223,
              51.8889882
            ],
            [
              5.4980643,
              51.8889708
            ],
            [
              5.4971065,
              51.8889586
            ],
            [
              5.4965939,
              51.888955
            ],
            [
              5.4956555,
              51.8889575
            ],
            [
              5.4948669,
              51.8889596
            ],
            [
              5.4937643,
              51.8889763
            ],
            [
              5.4903649,
              51.8891143
            ],
            [
              5.4886748,
              51.8892333
            ],
            [
              5.4877477,
              51.8892842
            ],
            [
              5.486713,
              51.8893347
            ],
            [
              5.4844128,
              51.8894375
            ],
            [
              5.4821188,
              51.8895013
            ],
            [
              5.4802267,
              51.8895163
            ],
            [
              5.4786542,
              51.8895254
            ],
            [
              5.4774563,
              51.889549
            ],
            [
              5.4761695,
              51.8895572
            ],
            [
              5.4740713,
              51.8895389
            ],
            [
              5.4731534,
              51.8895134
            ],
            [
              5.4721659,
              51.8894786
            ],
            [
              5.4698857,
              51.8893561
            ],
            [
              5.4675445,
              51.8892045
            ],
            [
              5.4663711,
              51.889121
            ],
            [
              5.4639232,
              51.8889383
            ],
            [
              5.4627215,
              51.8888114
            ],
            [
              5.4606144,
              51.8885572
            ],
            [
              5.4591355,
              51.8884207
            ],
            [
              5.4571675,
              51.8881519
            ],
            [
              5.4565576,
              51.8880451
            ],
            [
              5.4544357,
              51.8876164
            ],
            [
              5.4527725,
              51.8871791
            ],
            [
              5.4524794,
              51.8871021
            ],
            [
              5.4506424,
              51.8865132
            ],
            [
              5.4490642,
              51.8859417
            ],
            [
              5.4476312,
              51.8853693
            ],
            [
              5.4458882,
              51.8845864
            ],
            [
              5.4434094,
              51.8833067
            ],
            [
              5.4410463,
              51.8820822
            ],
            [
              5.4405476,
              51.8818168
            ],
            [
              5.4391949,
              51.88097
            ],
            [
              5.438175,
              51.8803258
            ],
            [
              5.4359264,
              51.8788355
            ],
            [
              5.4353422,
              51.8784303
            ],
            [
              5.4346794,
              51.8779211
            ],
            [
              5.4328561,
              51.8765205
            ],
            [
              5.4315024,
              51.8753577
            ],
            [
              5.4310445,
              51.8749626
            ],
            [
              5.430197,
              51.8741911
            ],
            [
              5.4295641,
              51.8735893
            ],
            [
              5.4291276,
              51.8731355
            ],
            [
              5.4260876,
              51.8700515
            ],
            [
              5.424898,
              51.8686017
            ],
            [
              5.4242114,
              51.8677885
            ],
            [
              5.4233262,
              51.8667401
            ],
            [
              5.4230491,
              51.8663487
            ],
            [
              5.4202249,
              51.8622898
            ],
            [
              5.4195998,
              51.8611362
            ],
            [
              5.4187446,
              51.8595921
            ],
            [
              5.4183002,
              51.8587691
            ],
            [
              5.4174836,
              51.8570012
            ],
            [
              5.4167559,
              51.8547849
            ],
            [
              5.416082,
              51.8532335
            ],
            [
              5.4152963,
              51.8518281
            ],
            [
              5.4146828,
              51.8509526
            ],
            [
              5.4139844,
              51.8497544
            ],
            [
              5.4129665,
              51.8483456
            ],
            [
              5.4123759,
              51.8476614
            ],
            [
              5.4100661,
              51.8450205
            ],
            [
              5.4089341,
              51.8437785
            ],
            [
              5.4084244,
              51.8433379
            ],
            [
              5.4080656,
              51.8430298
            ],
            [
              5.4074488,
              51.8425001
            ],
            [
              5.4065751,
              51.8418278
            ],
            [
              5.4034645,
              51.8395547
            ],
            [
              5.4026583,
              51.8389854
            ],
            [
              5.4006502,
              51.8377473
            ],
            [
              5.3988258,
              51.836782
            ],
            [
              5.396302,
              51.8354116
            ],
            [
              5.3935573,
              51.8339098
            ],
            [
              5.3931257,
              51.8336604
            ],
            [
              5.3913864,
              51.832504
            ],
            [
              5.3890485,
              51.8309111
            ],
            [
              5.3882802,
              51.8303485
            ],
            [
              5.3873079,
              51.8296365
            ],
            [
              5.3854225,
              51.828161
            ],
            [
              5.3844324,
              51.8272567
            ],
            [
              5.3817528,
              51.8246584
            ],
            [
              5.379925,
              51.8226885
            ],
            [
              5.3788765,
              51.8214756
            ],
            [
              5.3771486,
              51.8192349
            ],
            [
              5.3763008,
              51.8181031
            ],
            [
              5.3748385,
              51.8162674
            ],
            [
              5.3743584,
              51.8157022
            ],
            [
              5.3741487,
              51.8154687
            ],
            [
              5.3736108,
              51.8148697
            ],
            [
              5.3724447,
              51.8136147
            ],
            [
              5.3716466,
              51.8127696
            ],
            [
              5.3704205,
              51.8116696
            ],
            [
              5.3692208,
              51.8106807
            ],
            [
              5.3681995,
              51.8097789
            ],
            [
              5.3680761,
              51.809681
            ],
            [
              5.3670759,
              51.8088685
            ],
            [
              5.36646,
              51.8083982
            ],
            [
              5.3659226,
              51.8080227
            ],
            [
              5.3655575,
              51.8077777
            ],
            [
              5.3648137,
              51.807342
            ],
            [
              5.3636579,
              51.8067513
            ],
            [
              5.3624413,
              51.806226
            ],
            [
              5.3615424,
              51.805861
            ],
            [
              5.3611055,
              51.8057038
            ],
            [
              5.360224,
              51.8054145
            ],
            [
              5.3575351,
              51.804693
            ],
            [
              5.3570116,
              51.8045844
            ],
            [
              5.3555775,
              51.8043654
            ],
            [
              5.3548426,
              51.804277
            ],
            [
              5.3540849,
              51.8041903
            ],
            [
              5.353049,
              51.8040811
            ],
            [
              5.3527962,
              51.8040587
            ],
            [
              5.3519378,
              51.8039828
            ],
            [
              5.3512767,
              51.8039577
            ],
            [
              5.3506841,
              51.8039597
            ],
            [
              5.3488884,
              51.8040077
            ],
            [
              5.3477592,
              51.8041083
            ],
            [
              5.3459381,
              51.8043956
            ],
            [
              5.3452782,
              51.8045032
            ],
            [
              5.3443993,
              51.8046656
            ],
            [
              5.3434949,
              51.8048757
            ],
            [
              5.3428332,
              51.805055
            ],
            [
              5.34193,
              51.8053436
            ],
            [
              5.3414246,
              51.8055213
            ],
            [
              5.3404916,
              51.8059247
            ],
            [
              5.3389856,
              51.8065772
            ],
            [
              5.3377876,
              51.807281
            ],
            [
              5.3369227,
              51.8077481
            ],
            [
              5.3341717,
              51.8097902
            ],
            [
              5.3334676,
              51.8103925
            ],
            [
              5.3331242,
              51.8106685
            ],
            [
              5.3320704,
              51.8116673
            ],
            [
              5.3314977,
              51.8121928
            ],
            [
              5.3309883,
              51.8127192
            ],
            [
              5.3305091,
              51.813217
            ],
            [
              5.3299633,
              51.8137932
            ],
            [
              5.329059,
              51.8145693
            ],
            [
              5.3284081,
              51.8151263
            ],
            [
              5.3271043,
              51.8161884
            ],
            [
              5.326484,
              51.8166891
            ],
            [
              5.3260907,
              51.8169937
            ],
            [
              5.3234753,
              51.8186496
            ],
            [
              5.3222022,
              51.8193049
            ],
            [
              5.3213486,
              51.8197434
            ],
            [
              5.3197961,
              51.8205497
            ],
            [
              5.3160379,
              51.8218847
            ],
            [
              5.3155943,
              51.8220404
            ],
            [
              5.3146647,
              51.8222732
            ],
            [
              5.3135267,
              51.8226549
            ],
            [
              5.3112969,
              51.8231921
            ],
            [
              5.3099409,
              51.8233617
            ],
            [
              5.3046295,
              51.8240259
            ],
            [
              5.3037094,
              51.8240316
            ],
            [
              5.3021907,
              51.824048
            ],
            [
              5.2978659,
              51.8241184
            ],
            [
              5.2959423,
              51.823962
            ],
            [
              5.2958152,
              51.8239517
            ],
            [
              5.292478,
              51.8236821
            ],
            [
              5.2905566,
              51.8232657
            ],
            [
              5.289445,
              51.8230436
            ],
            [
              5.2876551,
              51.8226472
            ],
            [
              5.2822291,
              51.8213334
            ],
            [
              5.2809588,
              51.8211054
            ],
            [
              5.2794449,
              51.8208005
            ],
            [
              5.2788497,
              51.8206961
            ],
            [
              5.2746906,
              51.8200588
            ],
            [
              5.2682717,
              51.8190197
            ],
            [
              5.2615446,
              51.8178568
            ],
            [
              5.260182,
              51.8177548
            ],
            [
              5.2476831,
              51.8172544
            ],
            [
              5.2536604,
              51.8180513
            ],
            [
              5.2600397,
              51.8187131
            ],
            [
              5.2613844,
              51.8188017
            ],
            [
              5.2682717,
              51.8190197
            ]
          ],
          [
            [
              4.8943577,
              51.8205806
            ],
            [
              4.8868246,
              51.8188622
            ],
            [
              4.8821158,
              51.8184631
            ],
            [
              4.872544,
              51.817654
            ],
            [
              4.8673371,
              51.817563
            ],
            [
              4.8633353,
              51.8177766
            ],
            [
              4.8594729,
              51.8180743
            ],
            [
              4.857468,
              51.818287
            ],
            [
              4.8557159,
              51.818396
            ],
            [
              4.8533575,
              51.818525
            ],
            [
              4.8476068,
              51.8190091
            ],
            [
              4.8436959,
              51.8189941
            ],
            [
              4.8389701,
              51.819294
            ],
            [
              4.832565,
              51.8193205
            ],
            [
              4.8284977,
              51.8191505
            ],
            [
              4.8266425,
              51.8191986
            ],
            [
              4.824218,
              51.8192615
            ],
            [
              4.8198942,
              51.8190695
            ],
            [
              4.813762,
              51.8186747
            ],
            [
              4.8104099,
              51.8185449
            ],
            [
              4.8076312,
              51.8182726
            ],
            [
              4.8022989,
              51.8177155
            ],
            [
              4.799886,
              51.817371
            ],
            [
              4.7969452,
              51.8171783
            ],
            [
              4.7949261,
              51.816861
            ],
            [
              4.7899822,
              51.8156595
            ],
            [
              4.7882871,
              51.8153213
            ],
            [
              4.78623,
              51.814968
            ],
            [
              4.7833733,
              51.8150759
            ],
            [
              4.7825776,
              51.8150824
            ],
            [
              4.7785448,
              51.8151156
            ],
            [
              4.7747789,
              51.8151024
            ],
            [
              4.7731262,
              51.815116
            ],
            [
              4.771685,
              51.815304
            ],
            [
              4.7684495,
              51.8155003
            ],
            [
              4.7673551,
              51.8156661
            ],
            [
              4.7657994,
              51.8161039
            ],
            [
              4.7636322,
              51.8168534
            ],
            [
              4.7618292,
              51.8175431
            ],
            [
              4.758739,
              51.818752
            ],
            [
              4.7579761,
              51.8191355
            ],
            [
              4.7553496,
              51.8202556
            ],
            [
              4.7533524,
              51.8209519
            ],
            [
              4.752,
              51.8213041
            ],
            [
              4.7487952,
              51.8216863
            ],
            [
              4.7454963,
              51.8218433
            ],
            [
              4.7452904,
              51.8218415
            ],
            [
              4.743524,
              51.8227684
            ],
            [
              4.7417359,
              51.8228266
            ],
            [
              4.7403321,
              51.8227777
            ],
            [
              4.7375004,
              51.8220905
            ],
            [
              4.7353336,
              51.8222419
            ],
            [
              4.7314971,
              51.822517
            ],
            [
              4.7306332,
              51.8225943
            ],
            [
              4.728162,
              51.822711
            ],
            [
              4.7236255,
              51.8229177
            ],
            [
              4.716757,
              51.823025
            ],
            [
              4.7134904,
              51.823232
            ],
            [
              4.7095514,
              51.8233098
            ],
            [
              4.7058141,
              51.8230869
            ],
            [
              4.7019932,
              51.8231753
            ],
            [
              4.6984004,
              51.8226798
            ],
            [
              4.6957107,
              51.8223896
            ],
            [
              4.6947102,
              51.8222816
            ],
            [
              4.688093,
              51.821465
            ],
            [
              4.684167,
              51.820932
            ],
            [
              4.6827891,
              51.8207449
            ],
            [
              4.6797571,
              51.8206722
            ],
            [
              4.6754845,
              51.8212394
            ],
            [
              4.6739153,
              51.8213566
            ],
            [
              4.6717281,
              51.8215407
            ],
            [
              4.6690859,
              51.8210774
            ],
            [
              4.6683395,
              51.8209465
            ],
            [
              4.6663085,
              51.8202291
            ],
            [
              4.6627815,
              51.8187402
            ],
            [
              4.6608066,
              51.8177131
            ],
            [
              4.659828,
              51.8171981
            ],
            [
              4.659127,
              51.816745
            ],
            [
              4.6565542,
              51.8153381
            ],
            [
              4.6559856,
              51.815
            ],
            [
              4.6543965,
              51.8139604
            ],
            [
              4.653032,
              51.8130677
            ],
            [
              4.6520732,
              51.8121514
            ],
            [
              4.6511937,
              51.8113109
            ],
            [
              4.6508771,
              51.8110657
            ],
            [
              4.650619,
              51.8108657
            ],
            [
              4.6503856,
              51.8106798
            ],
            [
              4.6494659,
              51.8101789
            ],
            [
              4.6475344,
              51.8090525
            ],
            [
              4.646064,
              51.8080327
            ],
            [
              4.6428586,
              51.8060272
            ],
            [
              4.6403707,
              51.8048339
            ],
            [
              4.6364293,
              51.8033341
            ],
            [
              4.6351149,
              51.802918
            ],
            [
              4.630754,
              51.8016299
            ],
            [
              4.6296196,
              51.8014123
            ],
            [
              4.6279616,
              51.8011368
            ],
            [
              4.6272574,
              51.8010125
            ],
            [
              4.6236976,
              51.8006389
            ],
            [
              4.6208875,
              51.8007807
            ],
            [
              4.6213473,
              51.7988069
            ],
            [
              4.6217928,
              51.7963745
            ],
            [
              4.6223084,
              51.7946701
            ],
            [
              4.6234773,
              51.7917441
            ],
            [
              4.6257772,
              51.7875225
            ],
            [
              4.6269276,
              51.7848569
            ],
            [
              4.6272216,
              51.7838746
            ],
            [
              4.6273289,
              51.7833278
            ],
            [
              4.6276282,
              51.7818017
            ],
            [
              4.6277859,
              51.7807417
            ],
            [
              4.6276216,
              51.7784955
            ],
            [
              4.6274694,
              51.7768493
            ],
            [
              4.6273782,
              51.7759358
            ],
            [
              4.6271637,
              51.7741302
            ],
            [
              4.6269684,
              51.7732001
            ],
            [
              4.6265199,
              51.7715543
            ],
            [
              4.6262581,
              51.7702265
            ],
            [
              4.62609,
              51.769485
            ],
            [
              4.625888,
              51.767169
            ],
            [
              4.626109,
              51.7645696
            ],
            [
              4.6268001,
              51.7608758
            ],
            [
              4.6273701,
              51.759283
            ],
            [
              4.630294,
              51.752033
            ],
            [
              4.6316869,
              51.7452031
            ],
            [
              4.631214,
              51.743275
            ],
            [
              4.6306516,
              51.7393324
            ],
            [
              4.6302922,
              51.7378828
            ],
            [
              4.6289711,
              51.7344268
            ],
            [
              4.6280617,
              51.7312516
            ],
            [
              4.6275681,
              51.7299891
            ],
            [
              4.6268418,
              51.7284866
            ],
            [
              4.6258075,
              51.7269588
            ],
            [
              4.6248645,
              51.7249119
            ],
            [
              4.6238806,
              51.7232099
            ],
            [
              4.6231886,
              51.721777
            ],
            [
              4.6223128,
              51.7193677
            ],
            [
              4.6203921,
              51.7140836
            ],
            [
              4.6234265,
              51.7147961
            ],
            [
              4.6299784,
              51.7163454
            ],
            [
              4.6363365,
              51.7178489
            ],
            [
              4.6374068,
              51.7180625
            ],
            [
              4.6436368,
              51.7192887
            ],
            [
              4.6443007,
              51.7194182
            ],
            [
              4.6455822,
              51.7196848
            ],
            [
              4.6508388,
              51.7203321
            ],
            [
              4.6514949,
              51.7204129
            ],
            [
              4.6650488,
              51.7217814
            ],
            [
              4.671899,
              51.7224305
            ],
            [
              4.6790221,
              51.7248969
            ],
            [
              4.6926484,
              51.7299348
            ],
            [
              4.7060311,
              51.7356002
            ],
            [
              4.7146343,
              51.7402991
            ],
            [
              4.7190192,
              51.7426627
            ],
            [
              4.7255468,
              51.7466584
            ],
            [
              4.731299,
              51.7502551
            ],
            [
              4.7354707,
              51.7543083
            ],
            [
              4.7406826,
              51.7588521
            ],
            [
              4.7427818,
              51.761155
            ],
            [
              4.7447909,
              51.7634895
            ],
            [
              4.7476854,
              51.7697418
            ],
            [
              4.7505716,
              51.7757636
            ],
            [
              4.7527505,
              51.7784337
            ],
            [
              4.7556153,
              51.781944
            ],
            [
              4.757819,
              51.7845731
            ],
            [
              4.7595251,
              51.7857587
            ],
            [
              4.7656003,
              51.7892463
            ],
            [
              4.7665549,
              51.7897141
            ],
            [
              4.7714133,
              51.7920951
            ],
            [
              4.7737209,
              51.793226
            ],
            [
              4.7817363,
              51.7960259
            ],
            [
              4.7840554,
              51.7967181
            ],
            [
              4.7881426,
              51.7979617
            ],
            [
              4.7898397,
              51.7983908
            ],
            [
              4.7973295,
              51.8000192
            ],
            [
              4.8068961,
              51.8003789
            ],
            [
              4.811208,
              51.800255
            ],
            [
              4.8161835,
              51.7996785
            ],
            [
              4.8273067,
              51.7982022
            ],
            [
              4.8288607,
              51.7979957
            ],
            [
              4.8361405,
              51.7978054
            ],
            [
              4.8405167,
              51.7982286
            ],
            [
              4.8460015,
              51.7987591
            ],
            [
              4.853362,
              51.800781
            ],
            [
              4.8598587,
              51.8026603
            ],
            [
              4.8654388,
              51.8055238
            ],
            [
              4.8713135,
              51.8089133
            ],
            [
              4.8723193,
              51.8095307
            ],
            [
              4.875937,
              51.811737
            ],
            [
              4.8772904,
              51.8125169
            ],
            [
              4.8796396,
              51.8138124
            ],
            [
              4.8828629,
              51.8153939
            ],
            [
              4.8851212,
              51.8165272
            ],
            [
              4.887064,
              51.817444
            ],
            [
              4.8898359,
              51.8186933
            ],
            [
              4.8943577,
              51.8205806
            ],
            [
              4.8988098,
              51.8220766
            ],
            [
              4.8999318,
              51.822468
            ],
            [
              4.9042185,
              51.8238859
            ],
            [
              4.9080145,
              51.8249694
            ],
            [
              4.9112937,
              51.8259085
            ],
            [
              4.9129829,
              51.8263164
            ],
            [
              4.9138618,
              51.8264988
            ],
            [
              4.9186094,
              51.8274842
            ],
            [
              4.9213109,
              51.8278727
            ],
            [
              4.9227232,
              51.8280758
            ],
            [
              4.926986,
              51.828438
            ],
            [
              4.9311469,
              51.8285313
            ],
            [
              4.9360668,
              51.8283166
            ],
            [
              4.9417617,
              51.8279275
            ],
            [
              4.9434507,
              51.8276982
            ],
            [
              4.9531867,
              51.826003
            ],
            [
              4.9556969,
              51.8256801
            ],
            [
              4.9558277,
              51.8256629
            ],
            [
              4.9606182,
              51.825031
            ],
            [
              4.962154,
              51.8248278
            ],
            [
              4.9626184,
              51.8247663
            ],
            [
              4.9690177,
              51.8238518
            ],
            [
              4.972177,
              51.8232455
            ],
            [
              4.9735179,
              51.8230374
            ],
            [
              4.9759536,
              51.8226566
            ],
            [
              4.9838006,
              51.8216037
            ],
            [
              4.9853233,
              51.8213951
            ],
            [
              4.9877602,
              51.8210614
            ],
            [
              4.9927373,
              51.8208176
            ],
            [
              4.9957109,
              51.8207916
            ],
            [
              4.9984834,
              51.8208567
            ],
            [
              4.9992542,
              51.8208898
            ],
            [
              5.0005468,
              51.8209452
            ],
            [
              5.0021879,
              51.820922
            ],
            [
              5.0049491,
              51.8208939
            ],
            [
              5.0091129,
              51.8207726
            ],
            [
              5.0109991,
              51.8206888
            ],
            [
              5.0131552,
              51.8205465
            ],
            [
              5.0142791,
              51.8204386
            ],
            [
              5.0183153,
              51.819948
            ],
            [
              5.0211033,
              51.8195432
            ],
            [
              5.0224245,
              51.8193766
            ],
            [
              5.0249804,
              51.818971
            ],
            [
              5.0258364,
              51.8188545
            ],
            [
              5.0263352,
              51.8187806
            ],
            [
              5.0329654,
              51.8179437
            ],
            [
              5.0387858,
              51.8173499
            ],
            [
              5.0411286,
              51.8173877
            ],
            [
              5.0467155,
              51.8178046
            ],
            [
              5.0510329,
              51.8184193
            ],
            [
              5.0558714,
              51.8199771
            ],
            [
              5.0567482,
              51.8202602
            ],
            [
              5.0574135,
              51.8205227
            ],
            [
              5.0587723,
              51.8211467
            ],
            [
              5.0609712,
              51.8219439
            ],
            [
              5.0642853,
              51.8229867
            ],
            [
              5.0651829,
              51.8232139
            ],
            [
              5.0659502,
              51.8234317
            ],
            [
              5.0672337,
              51.8238179
            ],
            [
              5.0679332,
              51.8240213
            ],
            [
              5.069656,
              51.8244934
            ],
            [
              5.0705392,
              51.8247205
            ],
            [
              5.0710166,
              51.8249016
            ],
            [
              5.0715813,
              51.8250379
            ],
            [
              5.0718272,
              51.8251374
            ],
            [
              5.0720294,
              51.8252638
            ],
            [
              5.0725658,
              51.8253102
            ],
            [
              5.0733334,
              51.825492
            ],
            [
              5.073681,
              51.8255559
            ],
            [
              5.0739414,
              51.8256644
            ],
            [
              5.0741441,
              51.8257189
            ],
            [
              5.0749845,
              51.825847
            ],
            [
              5.0762019,
              51.826003
            ],
            [
              5.0765639,
              51.8261028
            ],
            [
              5.0769985,
              51.8261849
            ],
            [
              5.077796,
              51.8262319
            ],
            [
              5.0782451,
              51.826323
            ],
            [
              5.0797379,
              51.8265157
            ],
            [
              5.0804338,
              51.8265714
            ],
            [
              5.081517,
              51.8266954
            ],
            [
              5.0837107,
              51.8267777
            ],
            [
              5.0842907,
              51.8268241
            ],
            [
              5.0852337,
              51.8267996
            ],
            [
              5.0861013,
              51.8267728
            ],
            [
              5.0864261,
              51.8267789
            ],
            [
              5.0866655,
              51.8267688
            ],
            [
              5.0873684,
              51.8267657
            ],
            [
              5.088311,
              51.8267157
            ],
            [
              5.0894506,
              51.826625
            ],
            [
              5.0902879,
              51.8265582
            ],
            [
              5.0905617,
              51.8265181
            ],
            [
              5.0925866,
              51.8262637
            ],
            [
              5.092941,
              51.8262195
            ],
            [
              5.0946785,
              51.8258856
            ],
            [
              5.0955254,
              51.825738
            ],
            [
              5.0971377,
              51.8254004
            ],
            [
              5.0990445,
              51.824674
            ],
            [
              5.0994352,
              51.8245252
            ],
            [
              5.101368,
              51.8239457
            ],
            [
              5.1042603,
              51.8230359
            ],
            [
              5.1061246,
              51.8224097
            ],
            [
              5.1065277,
              51.8222773
            ],
            [
              5.1085484,
              51.8215451
            ],
            [
              5.1107582,
              51.8207054
            ],
            [
              5.1131865,
              51.8197044
            ],
            [
              5.1146546,
              51.8191595
            ],
            [
              5.1150327,
              51.8189986
            ],
            [
              5.1168352,
              51.8183196
            ],
            [
              5.1180973,
              51.8179536
            ],
            [
              5.1194794,
              51.8175527
            ],
            [
              5.1201041,
              51.8173654
            ],
            [
              5.1226328,
              51.8164902
            ],
            [
              5.1235189,
              51.8162405
            ],
            [
              5.1260018,
              51.8157338
            ],
            [
              5.1267424,
              51.8155646
            ],
            [
              5.1274684,
              51.8154044
            ],
            [
              5.1287166,
              51.8152364
            ],
            [
              5.1308959,
              51.8150405
            ],
            [
              5.1331423,
              51.8147877
            ],
            [
              5.1373797,
              51.8142934
            ],
            [
              5.1393526,
              51.8141717
            ],
            [
              5.1402377,
              51.8140837
            ],
            [
              5.1408903,
              51.8140941
            ],
            [
              5.1412237,
              51.8141218
            ],
            [
              5.1413398,
              51.814095
            ],
            [
              5.1425143,
              51.8141334
            ],
            [
              5.1442534,
              51.8143348
            ],
            [
              5.1453665,
              51.8145075
            ],
            [
              5.1480919,
              51.8149305
            ],
            [
              5.1519861,
              51.8155099
            ],
            [
              5.1592849,
              51.8164623
            ],
            [
              5.1598295,
              51.8165027
            ],
            [
              5.1639639,
              51.8168098
            ],
            [
              5.1680475,
              51.8169836
            ],
            [
              5.1687325,
              51.816998
            ],
            [
              5.1691324,
              51.8169949
            ],
            [
              5.1694024,
              51.8170073
            ],
            [
              5.1697074,
              51.8170134
            ],
            [
              5.170501,
              51.8170127
            ],
            [
              5.1723044,
              51.8168998
            ],
            [
              5.1735276,
              51.8168124
            ],
            [
              5.1740788,
              51.8167192
            ],
            [
              5.1750017,
              51.8165606
            ],
            [
              5.1771939,
              51.8160612
            ],
            [
              5.1801842,
              51.8154553
            ],
            [
              5.1824344,
              51.8149379
            ],
            [
              5.1851933,
              51.8141787
            ],
            [
              5.1876463,
              51.8135021
            ],
            [
              5.1906671,
              51.8126689
            ],
            [
              5.1930488,
              51.8120442
            ],
            [
              5.1934251,
              51.811946
            ],
            [
              5.194615,
              51.8115932
            ],
            [
              5.1964013,
              51.8112223
            ],
            [
              5.1998988,
              51.8105448
            ],
            [
              5.2001854,
              51.8105121
            ],
            [
              5.2033951,
              51.8101458
            ],
            [
              5.2068182,
              51.8099264
            ],
            [
              5.2101388,
              51.8099135
            ],
            [
              5.2138068,
              51.8100808
            ],
            [
              5.2142261,
              51.8101272
            ],
            [
              5.2184042,
              51.8105896
            ],
            [
              5.2198015,
              51.8107946
            ],
            [
              5.2206187,
              51.8109027
            ],
            [
              5.2259837,
              51.8119864
            ],
            [
              5.2276201,
              51.8123107
            ],
            [
              5.2281073,
              51.81246
            ],
            [
              5.2290742,
              51.8127555
            ],
            [
              5.2312667,
              51.8133641
            ],
            [
              5.2324801,
              51.8136897
            ],
            [
              5.2344184,
              51.814202
            ],
            [
              5.2369084,
              51.8148999
            ],
            [
              5.2387259,
              51.8154073
            ],
            [
              5.2401206,
              51.8157358
            ],
            [
              5.2406485,
              51.8158601
            ],
            [
              5.2430293,
              51.8163736
            ],
            [
              5.2439604,
              51.8165745
            ],
            [
              5.2451634,
              51.8168199
            ],
            [
              5.2459793,
              51.8169837
            ],
            [
              5.2476831,
              51.8172544
            ]
          ],
          [
            [
              4.6208875,
              51.8007807
            ],
            [
              4.6171024,
              51.8014014
            ],
            [
              4.6162505,
              51.8016615
            ],
            [
              4.6142862,
              51.8022611
            ],
            [
              4.6123423,
              51.8028554
            ],
            [
              4.6114234,
              51.8030954
            ],
            [
              4.610399,
              51.8033629
            ],
            [
              4.6064353,
              51.804398
            ],
            [
              4.6055172,
              51.8046088
            ],
            [
              4.6006429,
              51.8057278
            ],
            [
              4.5995244,
              51.8059042
            ],
            [
              4.5963704,
              51.8064016
            ],
            [
              4.5920966,
              51.8069571
            ],
            [
              4.5913236,
              51.8070576
            ],
            [
              4.5859848,
              51.8072496
            ],
            [
              4.5853718,
              51.8072716
            ],
            [
              4.5811727,
              51.8076604
            ],
            [
              4.5774052,
              51.8084797
            ],
            [
              4.5770148,
              51.8085646
            ],
            [
              4.5736885,
              51.8096284
            ],
            [
              4.5719056,
              51.8103467
            ],
            [
              4.5693013,
              51.8114013
            ],
            [
              4.5668455,
              51.812708
            ],
            [
              4.5658029,
              51.8132627
            ],
            [
              4.5639964,
              51.8148936
            ],
            [
              4.5623404,
              51.8166406
            ],
            [
              4.5605508,
              51.8194235
            ],
            [
              4.5597238,
              51.8222851
            ],
            [
              4.5580188,
              51.8254855
            ],
            [
              4.5577432,
              51.8258078
            ],
            [
              4.5571804,
              51.8264658
            ],
            [
              4.5565509,
              51.8272017
            ],
            [
              4.5555369,
              51.8283871
            ],
            [
              4.5549351,
              51.8290907
            ],
            [
              4.5534079,
              51.8301053
            ],
            [
              4.5526411,
              51.8306147
            ],
            [
              4.5502037,
              51.8316425
            ],
            [
              4.5475083,
              51.831937
            ],
            [
              4.5450136,
              51.8322095
            ],
            [
              4.5392212,
              51.8319083
            ],
            [
              4.533638,
              51.830719
            ],
            [
              4.5294077,
              51.8301626
            ],
            [
              4.527588,
              51.8299233
            ],
            [
              4.5228192,
              51.8299767
            ],
            [
              4.518376,
              51.831097
            ],
            [
              4.5154497,
              51.8318728
            ],
            [
              4.5115816,
              51.8328163
            ],
            [
              4.5059058,
              51.8341855
            ],
            [
              4.4991784,
              51.8354922
            ],
            [
              4.4956933,
              51.8353828
            ],
            [
              4.4916973,
              51.8352573
            ],
            [
              4.4896857,
              51.8351941
            ],
            [
              4.483881,
              51.8348428
            ],
            [
              4.4780396,
              51.833921
            ],
            [
              4.4754192,
              51.8333426
            ],
            [
              4.4710045,
              51.832368
            ],
            [
              4.4674531,
              51.8320981
            ],
            [
              4.463111,
              51.831768
            ],
            [
              4.4501059,
              51.8323766
            ],
            [
              4.4488398,
              51.8324359
            ],
            [
              4.4400852,
              51.8344391
            ],
            [
              4.4358492,
              51.8359393
            ],
            [
              4.4325538,
              51.8371064
            ],
            [
              4.4250511,
              51.8397485
            ],
            [
              4.4235,
              51.840202
            ],
            [
              4.4228103,
              51.8404089
            ],
            [
              4.4186441,
              51.8416586
            ],
            [
              4.4133123,
              51.8428212
            ],
            [
              4.4102459,
              51.8430742
            ],
            [
              4.4071293,
              51.8431257
            ],
            [
              4.4062551,
              51.8430822
            ],
            [
              4.399972,
              51.8427695
            ],
            [
              4.396432,
              51.842434
            ],
            [
              4.3875497,
              51.8420461
            ],
            [
              4.3822,
              51.8421484
            ],
            [
              4.3789024,
              51.8422122
            ],
            [
              4.3701655,
              51.8438177
            ],
            [
              4.3680557,
              51.8443679
            ],
            [
              4.3612494,
              51.8461428
            ],
            [
              4.3549561,
              51.8483621
            ],
            [
              4.3492866,
              51.8511802
            ],
            [
              4.3444783,
              51.8548509
            ],
            [
              4.3418527,
              51.8572654
            ],
            [
              4.339437,
              51.8593379
            ],
            [
              4.338929,
              51.8599974
            ],
            [
              4.337258,
              51.862167
            ],
            [
              4.3351058,
              51.8642117
            ],
            [
              4.3339476,
              51.8665919
            ],
            [
              4.332178,
              51.869652
            ],
            [
              4.3318542,
              51.8715566
            ],
            [
              4.3300442,
              51.8733641
            ],
            [
              4.3282638,
              51.8768459
            ],
            [
              4.3259097,
              51.8814491
            ],
            [
              4.3240458,
              51.8863387
            ],
            [
              4.3214033,
              51.8910492
            ],
            [
              4.3196487,
              51.8941601
            ],
            [
              4.3237447,
              51.894019
            ],
            [
              4.334624,
              51.894272
            ],
            [
              4.3406471,
              51.8950299
            ],
            [
              4.348067,
              51.897045
            ],
            [
              4.3501422,
              51.8975949
            ],
            [
              4.3548812,
              51.8987344
            ],
            [
              4.3596818,
              51.8992685
            ],
            [
              4.361265,
              51.899366
            ],
            [
              4.364625,
              51.8994789
            ],
            [
              4.3690348,
              51.8994104
            ],
            [
              4.376131,
              51.898374
            ],
            [
              4.379967,
              51.8978368
            ],
            [
              4.3841265,
              51.8972003
            ],
            [
              4.391171,
              51.896519
            ],
            [
              4.3957054,
              51.8968687
            ],
            [
              4.3969512,
              51.8969986
            ],
            [
              4.4006209,
              51.8977182
            ],
            [
              4.4027768,
              51.8981924
            ],
            [
              4.40523,
              51.898754
            ],
            [
              4.4102371,
              51.8997866
            ],
            [
              4.4110718,
              51.8999903
            ],
            [
              4.4158271,
              51.9010053
            ],
            [
              4.4186665,
              51.9015346
            ],
            [
              4.4217198,
              51.9019448
            ],
            [
              4.4220785,
              51.9019898
            ],
            [
              4.4241971,
              51.9022147
            ],
            [
              4.4277397,
              51.9022797
            ],
            [
              4.432358,
              51.902131
            ],
            [
              4.4351594,
              51.9020369
            ],
            [
              4.4362883,
              51.9019096
            ],
            [
              4.4408413,
              51.9013962
            ],
            [
              4.4462136,
              51.9003687
            ],
            [
              4.4470172,
              51.9002312
            ],
            [
              4.447585,
              51.900134
            ],
            [
              4.4482039,
              51.9000375
            ],
            [
              4.4512726,
              51.899813
            ],
            [
              4.4548385,
              51.8994764
            ],
            [
              4.4577283,
              51.8993486
            ],
            [
              4.461204,
              51.899357
            ],
            [
              4.4633165,
              51.899641
            ],
            [
              4.4659752,
              51.9000575
            ],
            [
              4.4676687,
              51.9004144
            ],
            [
              4.4708032,
              51.9011825
            ],
            [
              4.4712548,
              51.9013133
            ],
            [
              4.4737759,
              51.9020434
            ],
            [
              4.475101,
              51.902482
            ],
            [
              4.4762846,
              51.9028511
            ],
            [
              4.4785846,
              51.9038801
            ],
            [
              4.4812099,
              51.9058099
            ],
            [
              4.4831254,
              51.9072179
            ],
            [
              4.4837268,
              51.9077509
            ],
            [
              4.484677,
              51.908672
            ],
            [
              4.4855806,
              51.9095658
            ],
            [
              4.4863183,
              51.9103584
            ],
            [
              4.4864427,
              51.9104921
            ],
            [
              4.4895886,
              51.9134257
            ],
            [
              4.493027,
              51.915727
            ],
            [
              4.4958938,
              51.91707
            ],
            [
              4.4974384,
              51.9176707
            ],
            [
              4.5002889,
              51.9181536
            ],
            [
              4.5031734,
              51.9180686
            ],
            [
              4.5048398,
              51.9176308
            ],
            [
              4.506348,
              51.917156
            ],
            [
              4.5095894,
              51.9162115
            ],
            [
              4.5128153,
              51.9145976
            ],
            [
              4.5140635,
              51.9134427
            ],
            [
              4.5148943,
              51.912674
            ],
            [
              4.5156491,
              51.9118799
            ],
            [
              4.5160872,
              51.9111937
            ],
            [
              4.5162205,
              51.9107724
            ],
            [
              4.5167223,
              51.9084507
            ],
            [
              4.5170091,
              51.9061951
            ],
            [
              4.5172897,
              51.9054965
            ],
            [
              4.5180485,
              51.9036077
            ],
            [
              4.519515,
              51.902016
            ],
            [
              4.5210671,
              51.9012628
            ],
            [
              4.5229233,
              51.9007548
            ],
            [
              4.5247257,
              51.9003824
            ],
            [
              4.5267227,
              51.9003346
            ],
            [
              4.5290789,
              51.9005644
            ],
            [
              4.531366,
              51.901015
            ],
            [
              4.5322785,
              51.9013077
            ],
            [
              4.5401999,
              51.9033423
            ],
            [
              4.5429213,
              51.9039789
            ],
            [
              4.545299,
              51.904471
            ],
            [
              4.5467019,
              51.9047624
            ],
            [
              4.5482725,
              51.9050867
            ],
            [
              4.549515,
              51.9052619
            ],
            [
              4.5529961,
              51.9057528
            ],
            [
              4.5553537,
              51.905575
            ],
            [
              4.557721,
              51.905445
            ],
            [
              4.5594479,
              51.9052663
            ],
            [
              4.5642067,
              51.9046693
            ],
            [
              4.57124,
              51.904075
            ],
            [
              4.5749846,
              51.9034318
            ],
            [
              4.5805717,
              51.9024721
            ],
            [
              4.58579,
              51.899282
            ],
            [
              4.5921761,
              51.8953116
            ],
            [
              4.595094,
              51.894097
            ],
            [
              4.609648,
              51.891049
            ],
            [
              4.6174669,
              51.8901122
            ],
            [
              4.6218589,
              51.8894767
            ],
            [
              4.623488,
              51.889313
            ],
            [
              4.6268966,
              51.8896331
            ],
            [
              4.6295117,
              51.8901145
            ],
            [
              4.6326545,
              51.8908082
            ],
            [
              4.6375149,
              51.8909905
            ],
            [
              4.651579,
              51.889999
            ],
            [
              4.6587567,
              51.8896396
            ],
            [
              4.666075,
              51.8896394
            ],
            [
              4.6690861,
              51.8898813
            ],
            [
              4.6737895,
              51.8903157
            ],
            [
              4.6808673,
              51.8930953
            ],
            [
              4.688367,
              51.8943696
            ],
            [
              4.6932859,
              51.8952054
            ],
            [
              4.6996824,
              51.8965633
            ],
            [
              4.7054749,
              51.897226
            ],
            [
              4.7158219,
              51.8968936
            ],
            [
              4.7199967,
              51.8971028
            ],
            [
              4.7256559,
              51.8985949
            ],
            [
              4.7314058,
              51.9012417
            ],
            [
              4.734982,
              51.902142
            ],
            [
              4.7392548,
              51.9034942
            ],
            [
              4.7445307,
              51.9057452
            ],
            [
              4.7466041,
              51.9068306
            ],
            [
              4.7577198,
              51.9125985
            ],
            [
              4.7659962,
              51.9161061
            ],
            [
              4.7707271,
              51.9164854
            ],
            [
              4.7755793,
              51.9167816
            ],
            [
              4.7849264,
              51.9182735
            ],
            [
              4.7910035,
              51.9198214
            ],
            [
              4.798747,
              51.921234
            ],
            [
              4.8019557,
              51.9218479
            ],
            [
              4.8083444,
              51.9234239
            ],
            [
              4.8119507,
              51.9248741
            ],
            [
              4.8137292,
              51.9258441
            ],
            [
              4.8176537,
              51.9289959
            ],
            [
              4.8212205,
              51.9313895
            ],
            [
              4.8233123,
              51.9324288
            ],
            [
              4.828332,
              51.9367054
            ],
            [
              4.830774,
              51.938194
            ],
            [
              4.8345949,
              51.9397354
            ],
            [
              4.8378547,
              51.9405541
            ],
            [
              4.844952,
              51.941208
            ],
            [
              4.8497356,
              51.9412696
            ],
            [
              4.8521529,
              51.9413193
            ],
            [
              4.8576258,
              51.9409247
            ],
            [
              4.8588248,
              51.9408382
            ],
            [
              4.8608444,
              51.9404423
            ],
            [
              4.8620369,
              51.9402085
            ],
            [
              4.8662081,
              51.93935
            ],
            [
              4.872377,
              51.938278
            ],
            [
              4.8820886,
              51.9381684
            ],
            [
              4.8869004,
              51.9388205
            ],
            [
              4.8928582,
              51.9396313
            ],
            [
              4.901167,
              51.940697
            ],
            [
              4.9104729,
              51.9421632
            ],
            [
              4.9154461,
              51.9426566
            ],
            [
              4.9170799,
              51.9430453
            ],
            [
              4.9178656,
              51.9432322
            ],
            [
              4.9205647,
              51.9443545
            ],
            [
              4.9226115,
              51.9455389
            ],
            [
              4.9256143,
              51.9483457
            ],
            [
              4.9267185,
              51.9494205
            ],
            [
              4.9291827,
              51.9530768
            ],
            [
              4.9308256,
              51.9562829
            ],
            [
              4.931065,
              51.956699
            ],
            [
              4.9330692,
              51.9590126
            ],
            [
              4.9345565,
              51.9607296
            ],
            [
              4.9372172,
              51.9623559
            ],
            [
              4.9409508,
              51.9637442
            ],
            [
              4.9438476,
              51.9639822
            ],
            [
              4.9503493,
              51.9632285
            ],
            [
              4.953761,
              51.962254
            ],
            [
              4.9570302,
              51.9608647
            ],
            [
              4.9597862,
              51.9600801
            ],
            [
              4.9615457,
              51.9597892
            ],
            [
              4.9632434,
              51.9596714
            ],
            [
              4.9659231,
              51.9597099
            ],
            [
              4.9670485,
              51.9597753
            ],
            [
              4.9677684,
              51.959895
            ],
            [
              4.9701565,
              51.9604348
            ],
            [
              4.9724891,
              51.9613495
            ],
            [
              4.9750904,
              51.9628631
            ],
            [
              4.9779858,
              51.9650413
            ],
            [
              4.9788323,
              51.9661247
            ],
            [
              4.9822092,
              51.9695547
            ],
            [
              4.9861877,
              51.9725899
            ],
            [
              4.9920662,
              51.9760767
            ],
            [
              4.9980744,
              51.9774666
            ],
            [
              5.0024707,
              51.9775384
            ],
            [
              5.0078555,
              51.9761892
            ],
            [
              5.011348,
              51.97493
            ],
            [
              5.0178949,
              51.9704544
            ],
            [
              5.0229816,
              51.9689443
            ],
            [
              5.026599,
              51.9686936
            ],
            [
              5.0301003,
              51.9689633
            ],
            [
              5.0323521,
              51.9694568
            ],
            [
              5.03569,
              51.971035
            ],
            [
              5.0380293,
              51.9733789
            ],
            [
              5.0394138,
              51.9761658
            ],
            [
              5.041599,
              51.979137
            ],
            [
              5.0425372,
              51.9804054
            ],
            [
              5.0467355,
              51.9832723
            ],
            [
              5.0516725,
              51.9856485
            ],
            [
              5.0578003,
              51.9880796
            ],
            [
              5.062654,
              51.991127
            ],
            [
              5.0666318,
              51.9941759
            ],
            [
              5.073702,
              51.9966852
            ],
            [
              5.0777156,
              51.9977299
            ],
            [
              5.0784703,
              51.9979265
            ],
            [
              5.0811434,
              51.9986153
            ],
            [
              5.086465,
              52.000481
            ],
            [
              5.0917635,
              52.001879
            ],
            [
              5.0945009,
              52.0023629
            ],
            [
              5.0962938,
              52.0026047
            ],
            [
              5.1031833,
              52.0029781
            ],
            [
              5.109106,
              52.002571
            ],
            [
              5.1144937,
              52.0015833
            ],
            [
              5.1153687,
              52.0014248
            ],
            [
              5.1213924,
              51.9994019
            ],
            [
              5.1282108,
              51.9952226
            ],
            [
              5.1320275,
              51.9919886
            ],
            [
              5.1330009,
              51.9911637
            ],
            [
              5.1339685,
              51.9903473
            ],
            [
              5.1381241,
              51.9866648
            ],
            [
              5.1405586,
              51.9843965
            ],
            [
              5.14313,
              51.9817078
            ],
            [
              5.1444831,
              51.980293
            ],
            [
              5.1479707,
              51.9752261
            ],
            [
              5.150122,
              51.9737349
            ],
            [
              5.1526562,
              51.9723372
            ],
            [
              5.1588615,
              51.9708495
            ],
            [
              5.1678476,
              51.9700608
            ],
            [
              5.1727021,
              51.969612
            ],
            [
              5.1770657,
              51.9687113
            ],
            [
              5.1830893,
              51.9660684
            ],
            [
              5.1851745,
              51.9650734
            ],
            [
              5.192855,
              51.9615696
            ],
            [
              5.197761,
              51.960434
            ],
            [
              5.1998826,
              51.9599387
            ],
            [
              5.2063955,
              51.9593812
            ],
            [
              5.211698,
              51.960201
            ],
            [
              5.2134106,
              51.9606725
            ],
            [
              5.2165473,
              51.9620773
            ],
            [
              5.2176561,
              51.9628372
            ],
            [
              5.222343,
              51.966049
            ],
            [
              5.2260123,
              51.9710243
            ],
            [
              5.228534,
              51.97435
            ],
            [
              5.2321877,
              51.9773849
            ],
            [
              5.2349813,
              51.978542
            ],
            [
              5.2378697,
              51.9790947
            ],
            [
              5.2416786,
              51.9791315
            ],
            [
              5.2437996,
              51.9786286
            ],
            [
              5.2485282,
              51.9762454
            ],
            [
              5.2504134,
              51.9748074
            ],
            [
              5.2531829,
              51.9724223
            ],
            [
              5.2569292,
              51.9703757
            ],
            [
              5.2611103,
              51.9686327
            ],
            [
              5.2655953,
              51.9667432
            ],
            [
              5.2738893,
              51.9645261
            ],
            [
              5.2850353,
              51.9627506
            ],
            [
              5.288147,
              51.962563
            ],
            [
              5.2938882,
              51.9623569
            ],
            [
              5.30224,
              51.9611726
            ],
            [
              5.3097688,
              51.9575765
            ],
            [
              5.3139487,
              51.9558984
            ],
            [
              5.3185395,
              51.9548415
            ],
            [
              5.3231584,
              51.9550562
            ],
            [
              5.3274263,
              51.9557413
            ],
            [
              5.3320375,
              51.9569164
            ],
            [
              5.334364,
              51.9576232
            ],
            [
              5.3365843,
              51.9587589
            ],
            [
              5.3392835,
              51.9606416
            ],
            [
              5.3397788,
              51.9610685
            ],
            [
              5.3459969,
              51.9661149
            ],
            [
              5.348452,
              51.967739
            ],
            [
              5.3504762,
              51.9686994
            ],
            [
              5.3524727,
              51.9696466
            ],
            [
              5.356506,
              51.970444
            ],
            [
              5.3591707,
              51.9708252
            ],
            [
              5.3619214,
              51.9709342
            ],
            [
              5.3650827,
              51.970766
            ],
            [
              5.3682718,
              51.9702761
            ],
            [
              5.371096,
              51.969776
            ],
            [
              5.3731637,
              51.9696013
            ],
            [
              5.3792969,
              51.9692415
            ],
            [
              5.3852416,
              51.9694934
            ],
            [
              5.3883083,
              51.9700037
            ],
            [
              5.3909412,
              51.9707864
            ],
            [
              5.3943096,
              51.9718162
            ],
            [
              5.3983356,
              51.9728998
            ],
            [
              5.405582,
              51.9740544
            ],
            [
              5.4078744,
              51.9742587
            ],
            [
              5.4125914,
              51.9751788
            ],
            [
              5.4180674,
              51.976708
            ],
            [
              5.4231784,
              51.9785519
            ],
            [
              5.4247419,
              51.9797557
            ],
            [
              5.4266831,
              51.9812503
            ],
            [
              5.4289787,
              51.9826334
            ],
            [
              5.4300417,
              51.9832739
            ],
            [
              5.4334437,
              51.9845414
            ],
            [
              5.4360409,
              51.9852172
            ],
            [
              5.4376966,
              51.985615
            ],
            [
              5.4406571,
              51.9858938
            ],
            [
              5.443159,
              51.9858825
            ],
            [
              5.4460464,
              51.9855923
            ],
            [
              5.45022,
              51.984631
            ],
            [
              5.4527466,
              51.9839762
            ],
            [
              5.4548674,
              51.9836561
            ],
            [
              5.4574117,
              51.9834993
            ],
            [
              5.4644867,
              51.9832395
            ],
            [
              5.4667678,
              51.9832289
            ],
            [
              5.4759676,
              51.9834088
            ],
            [
              5.478273,
              51.983589
            ],
            [
              5.4803214,
              51.9837431
            ],
            [
              5.4822202,
              51.9837507
            ],
            [
              5.4847359,
              51.9835469
            ],
            [
              5.4875771,
              51.9829706
            ],
            [
              5.4922085,
              51.9816856
            ],
            [
              5.5014495,
              51.9781472
            ],
            [
              5.5041255,
              51.9769215
            ],
            [
              5.5087509,
              51.9743242
            ],
            [
              5.516516,
              51.972042
            ],
            [
              5.529925,
              51.9697363
            ],
            [
              5.5304759,
              51.9696213
            ],
            [
              5.5387597,
              51.967892
            ],
            [
              5.542506,
              51.965668
            ],
            [
              5.5465723,
              51.9614588
            ],
            [
              5.550661,
              51.9586421
            ],
            [
              5.5535816,
              51.9571394
            ],
            [
              5.560883,
              51.9546196
            ],
            [
              5.5631518,
              51.9542717
            ],
            [
              5.5662337,
              51.9539279
            ],
            [
              5.5705209,
              51.9534497
            ],
            [
              5.5779234,
              51.9525245
            ],
            [
              5.5814,
              51.9517397
            ],
            [
              5.591188,
              51.949692
            ],
            [
              5.5995075,
              51.9457093
            ],
            [
              5.6031222,
              51.9442436
            ],
            [
              5.6091454,
              51.9423336
            ],
            [
              5.6162761,
              51.9414794
            ],
            [
              5.6219773,
              51.9413502
            ],
            [
              5.6222395,
              51.9413862
            ],
            [
              5.6253862,
              51.9418178
            ],
            [
              5.6287724,
              51.9425507
            ],
            [
              5.6304384,
              51.9430217
            ],
            [
              5.6352844,
              51.9454392
            ],
            [
              5.638351,
              51.9475095
            ],
            [
              5.6405969,
              51.9496107
            ],
            [
              5.6426758,
              51.9511694
            ],
            [
              5.6448376,
              51.9522137
            ],
            [
              5.6472135,
              51.9530291
            ],
            [
              5.6488502,
              51.9532981
            ],
            [
              5.6524301,
              51.9535097
            ],
            [
              5.6580004,
              51.9529946
            ],
            [
              5.661663,
              51.9526782
            ],
            [
              5.6651269,
              51.9526461
            ],
            [
              5.6666139,
              51.9529364
            ],
            [
              5.6668708,
              51.9529865
            ],
            [
              5.6698931,
              51.9540797
            ],
            [
              5.6735438,
              51.9563295
            ],
            [
              5.6781023,
              51.9581602
            ],
            [
              5.6800421,
              51.9589392
            ],
            [
              5.6878546,
              51.960154
            ],
            [
              5.6924501,
              51.960524
            ],
            [
              5.6967623,
              51.9614138
            ],
            [
              5.6982785,
              51.9616312
            ],
            [
              5.70633,
              51.9627855
            ],
            [
              5.7134825,
              51.9632134
            ],
            [
              5.7204863,
              51.9636795
            ],
            [
              5.7234855,
              51.964518
            ],
            [
              5.7279407,
              51.9666443
            ],
            [
              5.7291084,
              51.9672016
            ],
            [
              5.7316263,
              51.9680045
            ],
            [
              5.7322897,
              51.9682144
            ],
            [
              5.7337074,
              51.9686567
            ],
            [
              5.734162,
              51.9687591
            ],
            [
              5.7404977,
              51.9701861
            ],
            [
              5.746281,
              51.969872
            ],
            [
              5.7466192,
              51.9697803
            ],
            [
              5.7475255,
              51.9695344
            ],
            [
              5.752253,
              51.9682518
            ],
            [
              5.7555386,
              51.9666324
            ],
            [
              5.758254,
              51.965355
            ],
            [
              5.762402,
              51.9634383
            ],
            [
              5.7699224,
              51.9610088
            ],
            [
              5.7709829,
              51.9606472
            ],
            [
              5.7732543,
              51.9599051
            ],
            [
              5.7757198,
              51.959446
            ],
            [
              5.7779942,
              51.9591416
            ],
            [
              5.7803145,
              51.9590708
            ],
            [
              5.7825646,
              51.9592849
            ],
            [
              5.7844604,
              51.9596575
            ],
            [
              5.7878839,
              51.960379
            ],
            [
              5.7893634,
              51.9606669
            ],
            [
              5.7948202,
              51.9617287
            ],
            [
              5.7992068,
              51.9621021
            ],
            [
              5.8034359,
              51.9627185
            ],
            [
              5.8045429,
              51.9631349
            ],
            [
              5.8060897,
              51.9637171
            ],
            [
              5.8087213,
              51.9644201
            ],
            [
              5.8102692,
              51.9651143
            ],
            [
              5.812371,
              51.966057
            ],
            [
              5.8176737,
              51.9689266
            ],
            [
              5.8217624,
              51.9708608
            ],
            [
              5.8232895,
              51.971499
            ],
            [
              5.8267274,
              51.972705
            ],
            [
              5.828179,
              51.9729165
            ],
            [
              5.8306695,
              51.9734074
            ],
            [
              5.8335277,
              51.9736201
            ],
            [
              5.837481,
              51.973541
            ],
            [
              5.8400943,
              51.9733005
            ],
            [
              5.8416379,
              51.9730437
            ],
            [
              5.8428635,
              51.9728399
            ],
            [
              5.8486316,
              51.9715355
            ],
            [
              5.8513795,
              51.9707374
            ],
            [
              5.8543468,
              51.9698471
            ],
            [
              5.8556904,
              51.9696533
            ],
            [
              5.8572837,
              51.9694235
            ],
            [
              5.8603144,
              51.9695448
            ],
            [
              5.8624828,
              51.969986
            ],
            [
              5.8646246,
              51.9706117
            ],
            [
              5.8674013,
              51.972128
            ],
            [
              5.8689296,
              51.9734247
            ],
            [
              5.8724048,
              51.9766758
            ],
            [
              5.8735393,
              51.9775956
            ],
            [
              5.8753787,
              51.9788897
            ],
            [
              5.8775141,
              51.9802819
            ],
            [
              5.8800321,
              51.9813969
            ],
            [
              5.8826906,
              51.9822572
            ],
            [
              5.8855556,
              51.9828567
            ],
            [
              5.8868483,
              51.9830496
            ],
            [
              5.8883443,
              51.9831431
            ],
            [
              5.8888256,
              51.9831372
            ],
            [
              5.8899157,
              51.9831239
            ],
            [
              5.8912928,
              51.9830008
            ],
            [
              5.8920817,
              51.9828736
            ],
            [
              5.8923084,
              51.982837
            ],
            [
              5.8927341,
              51.9827684
            ],
            [
              5.8948481,
              51.982239
            ],
            [
              5.8966315,
              51.9814927
            ],
            [
              5.8983752,
              51.9805457
            ],
            [
              5.9004553,
              51.9793685
            ],
            [
              5.9023713,
              51.9783816
            ],
            [
              5.9040135,
              51.9776135
            ],
            [
              5.9045886,
              51.9773445
            ],
            [
              5.9069632,
              51.9764401
            ],
            [
              5.910004,
              51.975491
            ],
            [
              5.9116851,
              51.9748632
            ],
            [
              5.9125936,
              51.9744158
            ],
            [
              5.9164351,
              51.9721525
            ],
            [
              5.9190238,
              51.9711808
            ],
            [
              5.92139,
              51.970657
            ],
            [
              5.9227706,
              51.9704165
            ],
            [
              5.9244494,
              51.970124
            ],
            [
              5.9262356,
              51.9697164
            ],
            [
              5.9278148,
              51.9691957
            ],
            [
              5.9293359,
              51.9685208
            ],
            [
              5.9306143,
              51.9677429
            ],
            [
              5.9317909,
              51.9668595
            ],
            [
              5.9322071,
              51.9664584
            ],
            [
              5.932912,
              51.9656764
            ],
            [
              5.9334579,
              51.9648728
            ],
            [
              5.9344315,
              51.9627217
            ],
            [
              5.9351543,
              51.961188
            ],
            [
              5.935497,
              51.9605343
            ],
            [
              5.9363416,
              51.9593878
            ],
            [
              5.9373007,
              51.9583243
            ],
            [
              5.9378922,
              51.957801
            ],
            [
              5.9385751,
              51.9572616
            ],
            [
              5.9399866,
              51.9562753
            ],
            [
              5.9421066,
              51.9549725
            ],
            [
              5.9444054,
              51.9538323
            ],
            [
              5.946837,
              51.952763
            ],
            [
              5.9486621,
              51.952009
            ],
            [
              5.9514613,
              51.9508127
            ],
            [
              5.9534701,
              51.9500636
            ]
          ],
          [
            [
              7.4815045,
              50.4117359
            ],
            [
              7.4777687,
              50.4128757
            ],
            [
              7.4741347,
              50.4141598
            ],
            [
              7.4733033,
              50.4145526
            ],
            [
              7.4719951,
              50.4153285
            ],
            [
              7.4701838,
              50.4166918
            ],
            [
              7.4684744,
              50.4178676
            ],
            [
              7.4668895,
              50.4187693
            ],
            [
              7.4639914,
              50.4198945
            ],
            [
              7.4614556,
              50.4209116
            ],
            [
              7.4592594,
              50.4219719
            ],
            [
              7.4580707,
              50.4226859
            ],
            [
              7.4561801,
              50.4242294
            ],
            [
              7.4538481,
              50.4262272
            ],
            [
              7.452097,
              50.4274078
            ]
          ],
          [
            [
              7.640673,
              47.5575348
            ],
            [
              7.6396625,
              47.5580371
            ],
            [
              7.6379539,
              47.5585349
            ],
            [
              7.6358296,
              47.55902
            ],
            [
              7.6340701,
              47.5591213
            ],
            [
              7.6330401,
              47.5589928
            ],
            [
              7.6309252,
              47.5589049
            ],
            [
              7.6281806,
              47.5587269
            ],
            [
              7.6271453,
              47.5586836
            ],
            [
              7.6263312,
              47.5587292
            ],
            [
              7.6216937,
              47.5586206
            ],
            [
              7.6192904,
              47.5588089
            ],
            [
              7.6172339,
              47.5588326
            ]
          ],
          [
            [
              7.6340701,
              47.5591213
            ],
            [
              7.6327317,
              47.5591901
            ],
            [
              7.6307477,
              47.5590896
            ],
            [
              7.6281567,
              47.5589149
            ],
            [
              7.6271989,
              47.5588465
            ],
            [
              7.6263312,
              47.5587292
            ]
          ],
          [
            [
              8.3783801,
              49.6347392
            ],
            [
              8.3795622,
              49.6363724
            ],
            [
              8.3802628,
              49.6365009
            ],
            [
              8.3804214,
              49.6367239
            ],
            [
              8.3804169,
              49.6370519
            ],
            [
              8.3801475,
              49.6377942
            ],
            [
              8.3800051,
              49.6386823
            ],
            [
              8.3799754,
              49.639009
            ],
            [
              8.3800051,
              49.639332
            ],
            [
              8.3800288,
              49.639924
            ],
            [
              8.3799872,
              49.6408313
            ],
            [
              8.3799983,
              49.6416115
            ],
            [
              8.3805037,
              49.6430417
            ],
            [
              8.3806937,
              49.6435107
            ],
            [
              8.380962,
              49.6439678
            ],
            [
              8.381691,
              49.645179
            ],
            [
              8.3820531,
              49.6458286
            ],
            [
              8.3822312,
              49.6462783
            ],
            [
              8.3821703,
              49.64647
            ],
            [
              8.3821837,
              49.6469472
            ],
            [
              8.3824568,
              49.6471701
            ],
            [
              8.3823823,
              49.647579
            ],
            [
              8.3830568,
              49.6501098
            ],
            [
              8.383181,
              49.6505218
            ],
            [
              8.3831514,
              49.6507447
            ],
            [
              8.3829673,
              49.6510753
            ],
            [
              8.383003,
              49.6517978
            ],
            [
              8.3831454,
              49.6519362
            ],
            [
              8.3832226,
              49.6521015
            ],
            [
              8.3832085,
              49.6559823
            ],
            [
              8.3836636,
              49.6567656
            ],
            [
              8.3836942,
              49.6608449
            ],
            [
              8.3838556,
              49.6615618
            ],
            [
              8.3842035,
              49.6623513
            ],
            [
              8.3843933,
              49.6631931
            ],
            [
              8.3841784,
              49.6655808
            ],
            [
              8.3838324,
              49.6663278
            ],
            [
              8.381656,
              49.6683353
            ],
            [
              8.3795545,
              49.6698818
            ],
            [
              8.37772,
              49.6710135
            ],
            [
              8.3742709,
              49.6729626
            ],
            [
              8.3691701,
              49.6762424
            ],
            [
              8.3648834,
              49.677808
            ],
            [
              8.3638992,
              49.6780489
            ],
            [
              8.3627569,
              49.6783059
            ],
            [
              8.3619531,
              49.6785548
            ],
            [
              8.3614755,
              49.6787425
            ],
            [
              8.3607524,
              49.6790477
            ],
            [
              8.3600627,
              49.6793878
            ],
            [
              8.3593841,
              49.679791
            ],
            [
              8.358738,
              49.6802077
            ],
            [
              8.3581909,
              49.6806821
            ],
            [
              8.3577145,
              49.6811551
            ],
            [
              8.3575568,
              49.6813113
            ],
            [
              8.3572352,
              49.6816202
            ],
            [
              8.3560237,
              49.6824482
            ],
            [
              8.3547217,
              49.6829923
            ]
          ],
          [
            [
              8.2750221,
              50.007804
            ],
            [
              8.2754061,
              50.0097319
            ],
            [
              8.2751379,
              50.0114349
            ],
            [
              8.2735822,
              50.0138411
            ],
            [
              8.2712755,
              50.0165643
            ],
            [
              8.2687435,
              50.018729
            ],
            [
              8.2658681,
              50.0208315
            ],
            [
              8.2642695,
              50.0221757
            ],
            [
              8.2603026,
              50.0244845
            ],
            [
              8.2575238,
              50.0261526
            ],
            [
              8.2547665,
              50.0275449
            ],
            [
              8.2517839,
              50.0289509
            ],
            [
              8.247664,
              50.0304534
            ],
            [
              8.2460831,
              50.0309153
            ],
            [
              8.243984,
              50.0315285
            ],
            [
              8.2416532,
              50.0318311
            ]
          ],
          [
            [
              4.6717281,
              51.8215407
            ],
            [
              4.6710141,
              51.8231914
            ],
            [
              4.6697079,
              51.8271356
            ],
            [
              4.6695907,
              51.8280815
            ],
            [
              4.6694289,
              51.8294402
            ],
            [
              4.6695286,
              51.8308056
            ],
            [
              4.6702215,
              51.8324387
            ],
            [
              4.6714665,
              51.834079
            ],
            [
              4.6723474,
              51.8355451
            ],
            [
              4.6724787,
              51.8359491
            ],
            [
              4.6728055,
              51.8369966
            ],
            [
              4.6727585,
              51.8382448
            ],
            [
              4.6719716,
              51.8400954
            ],
            [
              4.670844,
              51.8414234
            ],
            [
              4.6685655,
              51.843535
            ],
            [
              4.667187,
              51.8446196
            ],
            [
              4.6659463,
              51.8455958
            ],
            [
              4.6625519,
              51.8483022
            ],
            [
              4.6608606,
              51.8496735
            ],
            [
              4.6589813,
              51.8510447
            ],
            [
              4.658478,
              51.8515531
            ],
            [
              4.6569846,
              51.8530616
            ],
            [
              4.6545375,
              51.8559128
            ],
            [
              4.6542116,
              51.856349
            ],
            [
              4.6525027,
              51.8583065
            ],
            [
              4.651387,
              51.8595816
            ],
            [
              4.6504489,
              51.8604677
            ],
            [
              4.6486925,
              51.8621727
            ],
            [
              4.6466253,
              51.8635653
            ],
            [
              4.6438652,
              51.8654511
            ],
            [
              4.6425453,
              51.8662345
            ],
            [
              4.641199,
              51.8670322
            ],
            [
              4.6371469,
              51.8689758
            ],
            [
              4.6348096,
              51.8700927
            ],
            [
              4.6332945,
              51.8716373
            ],
            [
              4.6323139,
              51.8728816
            ],
            [
              4.6317676,
              51.8735735
            ],
            [
              4.6299109,
              51.8759381
            ],
            [
              4.6291484,
              51.8769091
            ],
            [
              4.6276215,
              51.8789031
            ],
            [
              4.6264557,
              51.880706
            ],
            [
              4.6254721,
              51.882231
            ],
            [
              4.6238395,
              51.884493
            ],
            [
              4.6222422,
              51.8860661
            ],
            [
              4.6206918,
              51.8874435
            ],
            [
              4.6193811,
              51.8884946
            ],
            [
              4.6174669,
              51.8901122
            ]
          ],
          [
            [
              4.3196487,
              51.8941601
            ],
            [
              4.3099331,
              51.895111
            ],
            [
              4.30561,
              51.895644
            ],
            [
              4.291555,
              51.897923
            ],
            [
              4.2841653,
              51.8996011
            ],
            [
              4.2784444,
              51.9013767
            ],
            [
              4.2746381,
              51.9027908
            ],
            [
              4.2663044,
              51.906059
            ],
            [
              4.254076,
              51.9107267
            ],
            [
              4.2485344,
              51.9127274
            ],
            [
              4.2445265,
              51.9140425
            ],
            [
              4.2419131,
              51.9148465
            ],
            [
              4.2371115,
              51.9170582
            ],
            [
              4.2333251,
              51.9191573
            ],
            [
              4.2318535,
              51.9203856
            ],
            [
              4.2289674,
              51.9228462
            ],
            [
              4.22424,
              51.92792
            ],
            [
              4.2196083,
              51.9307447
            ],
            [
              4.214147,
              51.933211
            ],
            [
              4.2087167,
              51.9354652
            ],
            [
              4.2018675,
              51.9379547
            ],
            [
              4.1956008,
              51.9402326
            ],
            [
              4.1885209,
              51.9429767
            ],
            [
              4.1743248,
              51.9494236
            ],
            [
              4.166318,
              51.953186
            ],
            [
              4.1624898,
              51.9551667
            ],
            [
              4.1550669,
              51.9589631
            ],
            [
              4.1500191,
              51.9615561
            ],
            [
              4.143845,
              51.964736
            ],
            [
              4.1368066,
              51.9680457
            ],
            [
              4.132068,
              51.970248
            ],
            [
              4.1257841,
              51.9729423
            ],
            [
              4.1224856,
              51.9741097
            ],
            [
              4.1198485,
              51.9750041
            ],
            [
              4.11541,
              51.9765116
            ],
            [
              4.1065704,
              51.9786397
            ],
            [
              4.0928027,
              51.9819367
            ],
            [
              4.0881281,
              51.9830663
            ]
          ],
          [
            [
              4.6203921,
              51.7140836
            ],
            [
              4.6098796,
              51.7117893
            ],
            [
              4.595732,
              51.708699
            ],
            [
              4.5926159,
              51.7081631
            ],
            [
              4.5831609,
              51.7062986
            ],
            [
              4.5829172,
              51.7062505
            ],
            [
              4.5780407,
              51.7051745
            ],
            [
              4.571018,
              51.703625
            ],
            [
              4.554582,
              51.700283
            ],
            [
              4.546539,
              51.6986985
            ],
            [
              4.5417999,
              51.6978836
            ],
            [
              4.5352554,
              51.6970525
            ],
            [
              4.5283448,
              51.6961748
            ],
            [
              4.5279342,
              51.6961226
            ],
            [
              4.5161902,
              51.6953591
            ],
            [
              4.5096957,
              51.6949431
            ],
            [
              4.5033904,
              51.6945392
            ],
            [
              4.4941365,
              51.6939454
            ],
            [
              4.4872667,
              51.6941766
            ],
            [
              4.484937,
              51.694255
            ],
            [
              4.4733218,
              51.6955741
            ],
            [
              4.4696621,
              51.6959897
            ],
            [
              4.4578305,
              51.697715
            ],
            [
              4.4534272,
              51.6983673
            ],
            [
              4.4476773,
              51.6995039
            ],
            [
              4.4437781,
              51.7002665
            ],
            [
              4.4415604,
              51.700713
            ],
            [
              4.4376565,
              51.7014847
            ],
            [
              4.4328248,
              51.7043375
            ],
            [
              4.431392,
              51.705416
            ],
            [
              4.4291243,
              51.7071091
            ],
            [
              4.4067884,
              51.7117362
            ],
            [
              4.399422,
              51.7135679
            ],
            [
              4.3933664,
              51.7143446
            ],
            [
              4.3835523,
              51.7159571
            ],
            [
              4.3781452,
              51.7162921
            ],
            [
              4.3730536,
              51.7168225
            ],
            [
              4.3657541,
              51.7181904
            ],
            [
              4.3489922,
              51.7240522
            ],
            [
              4.3441258,
              51.7248896
            ],
            [
              4.3394848,
              51.7249733
            ],
            [
              4.331239,
              51.7243592
            ],
            [
              4.3254715,
              51.7235219
            ],
            [
              4.3138915,
              51.7229374
            ],
            [
              4.3133056,
              51.7229078
            ],
            [
              4.2879527,
              51.7219052
            ],
            [
              4.2842774,
              51.7228104
            ],
            [
              4.2839867,
              51.722882
            ],
            [
              4.2728531,
              51.7273219
            ],
            [
              4.2687437,
              51.7295712
            ],
            [
              4.2622929,
              51.7344839
            ],
            [
              4.2551731,
              51.7423253
            ],
            [
              4.251277,
              51.7454017
            ],
            [
              4.2466676,
              51.7490412
            ],
            [
              4.2410511,
              51.7517371
            ],
            [
              4.2368982,
              51.7560061
            ],
            [
              4.2291724,
              51.7639467
            ],
            [
              4.224659,
              51.7655431
            ],
            [
              4.2031996,
              51.7747043
            ],
            [
              4.1973593,
              51.7776455
            ],
            [
              4.1957295,
              51.77899
            ],
            [
              4.1851356,
              51.7875892
            ],
            [
              4.1717617,
              51.7996049
            ],
            [
              4.1645209,
              51.8075201
            ],
            [
              4.1634045,
              51.808588
            ],
            [
              4.1544405,
              51.8140461
            ],
            [
              4.1484644,
              51.8163131
            ],
            [
              4.1388213,
              51.8175725
            ],
            [
              4.131216,
              51.8171024
            ],
            [
              4.1293139,
              51.8169848
            ],
            [
              4.1278426,
              51.8168916
            ],
            [
              4.1204258,
              51.816493
            ],
            [
              4.0956296,
              51.8151606
            ],
            [
              4.0693544,
              51.8211774
            ],
            [
              4.0498562,
              51.8326706
            ],
            [
              4.0496041,
              51.8327944
            ]
          ]
        ]
      }
    }
  ]
}